epoch,train_loss,val_loss,val_accuracy
0.000000000000000000e+00,7.434424906621384110e-01,6.998325304210153419e-01,1.250000000000000000e-01
1.000000000000000000e+00,6.983400634698185838e-01,6.517776461047321002e-01,8.750000000000000000e-01
2.000000000000000000e+00,6.590883137137619752e-01,6.100155580511167352e-01,8.750000000000000000e-01
3.000000000000000000e+00,6.249229009617491837e-01,5.736738022726594055e-01,8.750000000000000000e-01
4.000000000000000000e+00,5.951435908877468206e-01,5.419750592668657330e-01,8.750000000000000000e-01
5.000000000000000000e+00,5.691270557499258365e-01,5.142415770384154428e-01,8.874999999999999556e-01
6.000000000000000000e+00,5.463297641383259018e-01,4.898912389212711216e-01,8.874999999999999556e-01
7.000000000000000000e+00,5.262845303921963591e-01,4.684290569343092514e-01,8.874999999999999556e-01
8.000000000000000000e+00,5.085936104504280575e-01,4.494367413712163639e-01,8.874999999999999556e-01
9.000000000000000000e+00,4.929203680719042580e-01,4.325620022237052220e-01,8.874999999999999556e-01
1.000000000000000000e+01,4.789807751545698822e-01,4.175085002748553653e-01,8.874999999999999556e-01
1.100000000000000000e+01,4.665354457572069014e-01,4.040268769489595013e-01,8.874999999999999556e-01
1.200000000000000000e+01,4.553825293904669724e-01,3.919069964145781571e-01,8.874999999999999556e-01
1.300000000000000000e+01,4.453515627895946460e-01,3.809713705227085745e-01,8.874999999999999556e-01
1.400000000000000000e+01,4.362982546036624498e-01,3.710696580142750500e-01,8.874999999999999556e-01
1.500000000000000000e+01,4.281001168699323234e-01,3.620740995621389291e-01,8.874999999999999556e-01
1.600000000000000000e+01,4.206528343932501302e-01,3.538757472731209330e-01,8.874999999999999556e-01
1.700000000000000000e+01,4.138672610896333426e-01,3.463813576588839482e-01,8.874999999999999556e-01
1.800000000000000000e+01,4.076669405370154098e-01,3.395108329519628820e-01,8.750000000000000000e-01
1.900000000000000000e+01,4.019860603787963615e-01,3.331951127407009050e-01,8.750000000000000000e-01
2.000000000000000000e+01,3.967677635720233686e-01,3.273744340966395217e-01,8.750000000000000000e-01
2.100000000000000000e+01,3.919627521202002640e-01,3.219968927494785138e-01,8.750000000000000000e-01
2.200000000000000000e+01,3.875281301686118174e-01,3.170172501596216219e-01,8.750000000000000000e-01
2.300000000000000000e+01,3.834264429583668643e-01,3.123959416069000961e-01,8.750000000000000000e-01
2.400000000000000000e+01,3.796248761791181647e-01,3.080982488636744288e-01,8.750000000000000000e-01
2.500000000000000000e+01,3.760945868888516674e-01,3.040936079076105303e-01,8.750000000000000000e-01
2.600000000000000000e+01,3.728101425800383617e-01,3.003550277098220311e-01,8.750000000000000000e-01
2.700000000000000000e+01,3.697490493626209296e-01,2.968586006401813249e-01,8.750000000000000000e-01
2.800000000000000000e+01,3.668913537858459195e-01,2.935830886641599413e-01,8.750000000000000000e-01
2.900000000000000000e+01,3.642193056886665614e-01,2.905095724327525497e-01,8.750000000000000000e-01
3.000000000000000000e+01,3.617170717831167392e-01,2.876211527271078094e-01,8.750000000000000000e-01
3.100000000000000000e+01,3.593704915443712844e-01,2.849026956246601405e-01,8.750000000000000000e-01
3.200000000000000000e+01,3.571668684927104542e-01,2.823406142941819463e-01,8.750000000000000000e-01
3.300000000000000000e+01,3.550947911769206655e-01,2.799226815756629683e-01,8.750000000000000000e-01
3.400000000000000000e+01,3.531439791624449986e-01,2.776378685150890369e-01,8.750000000000000000e-01
3.500000000000000000e+01,3.513051501361905138e-01,2.754762048501649407e-01,8.750000000000000000e-01
3.600000000000000000e+01,3.495699048995067337e-01,2.734286581175620623e-01,8.750000000000000000e-01
3.700000000000000000e+01,3.479306275604004961e-01,2.714870286047085801e-01,8.750000000000000000e-01
3.800000000000000000e+01,3.463803986786299083e-01,2.696438578228859129e-01,8.750000000000000000e-01
3.900000000000000000e+01,3.449129194814148369e-01,2.678923485521713665e-01,8.750000000000000000e-01
4.000000000000000000e+01,3.435224455678853039e-01,2.662262948175781463e-01,8.750000000000000000e-01
4.100000000000000000e+01,3.422037287689499996e-01,2.646400204116253763e-01,8.750000000000000000e-01
4.200000000000000000e+01,3.409519660355342929e-01,2.631283247912160617e-01,8.750000000000000000e-01
4.300000000000000000e+01,3.397627543998067434e-01,2.616864353539239962e-01,8.750000000000000000e-01
4.400000000000000000e+01,3.386320511972968350e-01,2.603099652469126335e-01,8.750000000000000000e-01
4.500000000000000000e+01,3.375561388577371646e-01,2.589948759858590188e-01,8.750000000000000000e-01
4.600000000000000000e+01,3.365315936731236302e-01,2.577374442655938624e-01,8.750000000000000000e-01
4.700000000000000000e+01,3.355552580362048953e-01,2.565342324321004952e-01,8.750000000000000000e-01
4.800000000000000000e+01,3.346242157141094409e-01,2.553820621598155705e-01,8.750000000000000000e-01
4.900000000000000000e+01,3.337357697823071234e-01,2.542779909411140293e-01,8.750000000000000000e-01
5.000000000000000000e+01,3.328874228954153414e-01,2.532192910483199166e-01,8.750000000000000000e-01
5.100000000000000000e+01,3.320768596150028840e-01,2.522034306741000043e-01,8.750000000000000000e-01
5.200000000000000000e+01,3.313019305517406199e-01,2.512280569949438269e-01,8.750000000000000000e-01
5.300000000000000000e+01,3.305606381110458569e-01,2.502909809356669291e-01,8.750000000000000000e-01
5.400000000000000000e+01,3.298511236585965345e-01,2.493901634413730473e-01,8.750000000000000000e-01
5.500000000000000000e+01,3.291716559454709312e-01,2.485237030878024167e-01,8.750000000000000000e-01
5.600000000000000000e+01,3.285206206527899742e-01,2.476898248820916248e-01,8.750000000000000000e-01
5.700000000000000000e+01,3.278965109330817529e-01,2.468868701241766495e-01,8.750000000000000000e-01
5.800000000000000000e+01,3.272979188405871209e-01,2.461132872148259487e-01,8.750000000000000000e-01
5.900000000000000000e+01,3.267235275557008878e-01,2.453676233099421344e-01,8.750000000000000000e-01
6.000000000000000000e+01,3.261721043200156434e-01,2.446485167326293286e-01,8.750000000000000000e-01
6.100000000000000000e+01,3.256424940082262021e-01,2.439546900648422445e-01,8.750000000000000000e-01
6.200000000000000000e+01,3.251336132716881600e-01,2.432849438494301408e-01,8.750000000000000000e-01
6.300000000000000000e+01,3.246444451958701016e-01,2.426381508412481236e-01,8.750000000000000000e-01
6.400000000000000000e+01,3.241740344204519508e-01,2.420132507528841015e-01,8.750000000000000000e-01
6.500000000000000000e+01,3.237214826765277276e-01,2.414092454465815440e-01,8.750000000000000000e-01
6.600000000000000000e+01,3.232859447003742503e-01,2.408251945292276264e-01,8.750000000000000000e-01
6.700000000000000000e+01,3.228666244876482461e-01,2.402602113119390315e-01,8.750000000000000000e-01
6.800000000000000000e+01,3.224627718557500078e-01,2.397134590998752368e-01,8.750000000000000000e-01
6.900000000000000000e+01,3.220736792855067310e-01,2.391841477815366268e-01,8.750000000000000000e-01
7.000000000000000000e+01,3.216986790163469112e-01,2.386715306899973577e-01,8.750000000000000000e-01
7.100000000000000000e+01,3.213371403718073838e-01,2.381749017113667932e-01,8.750000000000000000e-01
7.200000000000000000e+01,3.209884672945813033e-01,2.376935926182754122e-01,8.750000000000000000e-01
7.300000000000000000e+01,3.206520960724131841e-01,2.372269706084179364e-01,8.750000000000000000e-01
7.400000000000000000e+01,3.203274932380134610e-01,2.367744360301689832e-01,8.750000000000000000e-01
7.500000000000000000e+01,3.200141536278253152e-01,2.363354202790498848e-01,8.750000000000000000e-01
7.600000000000000000e+01,3.197115985859553255e-01,2.359093838504026652e-01,8.750000000000000000e-01
7.700000000000000000e+01,3.194193743009003383e-01,2.354958145350328214e-01,8.750000000000000000e-01
7.800000000000000000e+01,3.191370502638824491e-01,2.350942257458376594e-01,8.750000000000000000e-01
7.900000000000000000e+01,3.188642178386587589e-01,2.347041549645643710e-01,8.750000000000000000e-01
8.000000000000000000e+01,3.186004889336197521e-01,2.343251622988484217e-01,8.750000000000000000e-01
8.100000000000000000e+01,3.183454947678356350e-01,2.339568291405903777e-01,8.750000000000000000e-01
8.200000000000000000e+01,3.180988847234735295e-01,2.335987569175387857e-01,8.750000000000000000e-01
8.300000000000000000e+01,3.178603252776940891e-01,2.332505659306823576e-01,8.750000000000000000e-01
8.400000000000000000e+01,3.176294990077477287e-01,2.329118942707095741e-01,8.750000000000000000e-01
8.500000000000000000e+01,3.174061036635529853e-01,2.325823968073899850e-01,8.750000000000000000e-01
8.600000000000000000e+01,3.171898513025343536e-01,2.322617442462672765e-01,8.750000000000000000e-01
8.700000000000000000e+01,3.169804674819539647e-01,2.319496222475371516e-01,8.750000000000000000e-01
8.800000000000000000e+01,3.167776905043777624e-01,2.316457306024226059e-01,8.750000000000000000e-01
8.900000000000000000e+01,3.165812707122896419e-01,2.313497824627557264e-01,8.750000000000000000e-01
9.000000000000000000e+01,3.163909698282000860e-01,2.310615036198325478e-01,8.750000000000000000e-01
9.100000000000000000e+01,3.162065603369022537e-01,2.307806318289378211e-01,8.750000000000000000e-01
9.200000000000000000e+01,3.160278249068044221e-01,2.305069161762283159e-01,8.750000000000000000e-01
9.300000000000000000e+01,3.158545558475167048e-01,2.302401164849354753e-01,8.750000000000000000e-01
9.400000000000000000e+01,3.156865546011014545e-01,2.299800027580924389e-01,8.750000000000000000e-01
9.500000000000000000e+01,3.155236312646023111e-01,2.297263546552135161e-01,8.750000000000000000e-01
9.600000000000000000e+01,3.153656041416575961e-01,2.294789610005580072e-01,8.750000000000000000e-01
9.700000000000000000e+01,3.152122993211756152e-01,2.292376193207945612e-01,8.750000000000000000e-01
9.800000000000000000e+01,3.150635502812069721e-01,2.290021354100549578e-01,8.750000000000000000e-01
9.900000000000000000e+01,3.149191975162962120e-01,2.287723229205167463e-01,8.750000000000000000e-01
1.000000000000000000e+02,3.147790881867210677e-01,2.285480029767992249e-01,8.750000000000000000e-01
1.010000000000000000e+02,3.146430757881538698e-01,2.283290038125866950e-01,8.750000000000000000e-01
1.020000000000000000e+02,3.145110198403874846e-01,2.281151604280091116e-01,8.750000000000000000e-01
1.030000000000000000e+02,3.143827855938681193e-01,2.279063142664232156e-01,8.750000000000000000e-01
1.040000000000000000e+02,3.142582437528750328e-01,2.277023129093337650e-01,8.750000000000000000e-01
1.050000000000000000e+02,3.141372702142650741e-01,2.275030097882886349e-01,8.750000000000000000e-01
1.060000000000000000e+02,3.140197458207865666e-01,2.273082639126650650e-01,8.750000000000000000e-01
1.070000000000000000e+02,3.139055561280323370e-01,2.271179396123419458e-01,8.750000000000000000e-01
1.080000000000000000e+02,3.137945911841721891e-01,2.269319062943247756e-01,8.750000000000000000e-01
1.090000000000000000e+02,3.136867453216636847e-01,2.267500382124561509e-01,8.750000000000000000e-01
1.100000000000000000e+02,3.135819169601982703e-01,2.265722142494041580e-01,8.750000000000000000e-01
1.110000000000000000e+02,3.134800084201906367e-01,2.263983177101786537e-01,8.750000000000000000e-01
1.120000000000000000e+02,3.133809257461658837e-01,2.262282361264752184e-01,8.750000000000000000e-01
1.130000000000000000e+02,3.132845785394468563e-01,2.260618610711964682e-01,8.750000000000000000e-01
1.140000000000000000e+02,3.131908797995804905e-01,2.258990879825428233e-01,8.750000000000000000e-01
1.150000000000000000e+02,3.130997457739829182e-01,2.257398159971057139e-01,8.750000000000000000e-01
1.160000000000000000e+02,3.130110958153166090e-01,2.255839477914352575e-01,8.750000000000000000e-01
1.170000000000000000e+02,3.129248522461456350e-01,2.254313894315883859e-01,8.750000000000000000e-01
1.180000000000000000e+02,3.128409402304443976e-01,2.252820502301960681e-01,8.750000000000000000e-01
1.190000000000000000e+02,3.127592876515646325e-01,2.251358426106175314e-01,8.750000000000000000e-01
1.200000000000000000e+02,3.126798249962886023e-01,2.249926819777792741e-01,8.750000000000000000e-01
1.210000000000000000e+02,3.126024852446231961e-01,2.248524865953203666e-01,8.750000000000000000e-01
1.220000000000000000e+02,3.125272037650086987e-01,2.247151774686905745e-01,8.750000000000000000e-01
1.230000000000000000e+02,3.124539182146410798e-01,2.245806782338705676e-01,8.750000000000000000e-01
1.240000000000000000e+02,3.123825684446194240e-01,2.244489150514029363e-01,8.750000000000000000e-01
1.250000000000000000e+02,3.123130964096549889e-01,2.243198165054436921e-01,8.750000000000000000e-01
1.260000000000000000e+02,3.122454460820891509e-01,2.241933135075604433e-01,8.750000000000000000e-01
1.270000000000000000e+02,3.121795633699867567e-01,2.240693392050213117e-01,8.750000000000000000e-01
1.280000000000000000e+02,3.121153960390835591e-01,2.239478288933334227e-01,8.750000000000000000e-01
1.290000000000000000e+02,3.120528936383812901e-01,2.238287199328048427e-01,8.750000000000000000e-01
1.300000000000000000e+02,3.119920074291951950e-01,2.237119516689175802e-01,8.750000000000000000e-01
1.310000000000000000e+02,3.119326903174716170e-01,2.235974653563110037e-01,8.750000000000000000e-01
1.320000000000000000e+02,3.118748967892028823e-01,2.234852040861886324e-01,8.750000000000000000e-01
1.330000000000000000e+02,3.118185828487787248e-01,2.233751127169695816e-01,8.750000000000000000e-01
1.340000000000000000e+02,3.117637059601206517e-01,2.232671378080196278e-01,8.750000000000000000e-01
1.350000000000000000e+02,3.117102249904569744e-01,2.231612275563035763e-01,8.750000000000000000e-01
1.360000000000000000e+02,3.116581001566023912e-01,2.230573317358112428e-01,8.750000000000000000e-01
1.370000000000000000e+02,3.116072929736152242e-01,2.229554016396176619e-01,8.750000000000000000e-01
1.380000000000000000e+02,3.115577662057121278e-01,2.228553900244457930e-01,8.750000000000000000e-01
1.390000000000000000e+02,3.115094838193270266e-01,2.227572510576068809e-01,8.750000000000000000e-01
1.400000000000000000e+02,3.114624109382077011e-01,2.226609402662023951e-01,8.750000000000000000e-01
1.410000000000000000e+02,3.114165138004479361e-01,2.225664144884753615e-01,8.750000000000000000e-01
1.420000000000000000e+02,3.113717597173616403e-01,2.224736318272075020e-01,8.750000000000000000e-01
1.430000000000000000e+02,3.113281170341077875e-01,2.223825516050631224e-01,8.750000000000000000e-01
1.440000000000000000e+02,3.112855550919814696e-01,2.222931343217858235e-01,8.750000000000000000e-01
1.450000000000000000e+02,3.112440441922902368e-01,2.222053416131599124e-01,8.750000000000000000e-01
1.460000000000000000e+02,3.112035555617410632e-01,2.221191362116530232e-01,8.750000000000000000e-01
1.470000000000000000e+02,3.111640613192636073e-01,2.220344819086602361e-01,8.750000000000000000e-01
1.480000000000000000e+02,3.111255344442042103e-01,2.219513435182755290e-01,8.750000000000000000e-01
1.490000000000000000e+02,3.110879487458245163e-01,2.218696868425185653e-01,8.750000000000000000e-01
1.500000000000000000e+02,3.110512788340441537e-01,2.217894786379503991e-01,8.750000000000000000e-01
1.510000000000000000e+02,3.110155000913693013e-01,2.217106865836140361e-01,8.750000000000000000e-01
1.520000000000000000e+02,3.109805886459535706e-01,2.216332792502389570e-01,8.750000000000000000e-01
1.530000000000000000e+02,3.109465213457373589e-01,2.215572260706530072e-01,8.750000000000000000e-01
1.540000000000000000e+02,3.109132757336176556e-01,2.214824973113466711e-01,8.750000000000000000e-01
1.550000000000000000e+02,3.108808300236017286e-01,2.214090640451386593e-01,8.750000000000000000e-01
1.560000000000000000e+02,3.108491630778991155e-01,2.213368981248927392e-01,8.750000000000000000e-01
1.570000000000000000e+02,3.108182543849106194e-01,2.212659721582405647e-01,8.750000000000000000e-01
1.580000000000000000e+02,3.107880840380746745e-01,2.211962594832656281e-01,8.750000000000000000e-01
1.590000000000000000e+02,3.107586327155323347e-01,2.211277341451056699e-01,8.750000000000000000e-01
1.600000000000000000e+02,3.107298816605750247e-01,2.210603708734352468e-01,8.750000000000000000e-01
1.610000000000000000e+02,3.107018126628409149e-01,2.209941450607887103e-01,8.750000000000000000e-01
1.620000000000000000e+02,3.106744080402270014e-01,2.209290327416884026e-01,8.750000000000000000e-01
1.630000000000000000e+02,3.106476506214865818e-01,2.208650105725437629e-01,8.750000000000000000e-01
1.640000000000000000e+02,3.106215237294817633e-01,2.208020558122879839e-01,8.750000000000000000e-01
1.650000000000000000e+02,3.105960111650631350e-01,2.207401463037216571e-01,8.750000000000000000e-01
1.660000000000000000e+02,3.105710971915500718e-01,2.206792604555337101e-01,8.750000000000000000e-01
1.670000000000000000e+02,3.105467665197869653e-01,2.206193772249707974e-01,8.750000000000000000e-01
1.680000000000000000e+02,3.105230042937488499e-01,2.205604761011290549e-01,8.750000000000000000e-01
1.690000000000000000e+02,3.104997960766767706e-01,2.205025370888415437e-01,8.750000000000000000e-01
1.700000000000000000e+02,3.104771278377169152e-01,2.204455406931383199e-01,8.750000000000000000e-01
1.710000000000000000e+02,3.104549859390466349e-01,2.203894679042541216e-01,8.750000000000000000e-01
1.720000000000000000e+02,3.104333571234634825e-01,2.203343001831630232e-01,8.750000000000000000e-01
1.730000000000000000e+02,3.104122285024220051e-01,2.202800194476174922e-01,8.750000000000000000e-01
1.740000000000000000e+02,3.103915875444960837e-01,2.202266080586725572e-01,8.750000000000000000e-01
1.750000000000000000e+02,3.103714220642534438e-01,2.201740488076753266e-01,8.750000000000000000e-01
1.760000000000000000e+02,3.103517202115227969e-01,2.201223249037009277e-01,8.750000000000000000e-01
1.770000000000000000e+02,3.103324704610390117e-01,2.200714199614186017e-01,8.750000000000000000e-01
1.780000000000000000e+02,3.103136616024518846e-01,2.200213179893695803e-01,8.750000000000000000e-01
1.790000000000000000e+02,3.102952827306820205e-01,2.199720033786409235e-01,8.750000000000000000e-01
1.800000000000000000e+02,3.102773232366126677e-01,2.199234608919216627e-01,8.750000000000000000e-01
1.810000000000000000e+02,3.102597727981022957e-01,2.198756756529233469e-01,8.750000000000000000e-01
1.820000000000000000e+02,3.102426213713065373e-01,2.198286331361541668e-01,8.750000000000000000e-01
1.830000000000000000e+02,3.102258591822957823e-01,2.197823191570308921e-01,8.750000000000000000e-01
1.840000000000000000e+02,3.102094767189604863e-01,2.197367198623170204e-01,8.750000000000000000e-01
1.850000000000000000e+02,3.101934647231885944e-01,2.196918217208739532e-01,8.750000000000000000e-01
1.860000000000000000e+02,3.101778141833076985e-01,2.196476115147142638e-01,8.750000000000000000e-01
1.870000000000000000e+02,3.101625163267814900e-01,2.196040763303450660e-01,8.750000000000000000e-01
1.880000000000000000e+02,3.101475626131496299e-01,2.195612035503909376e-01,8.750000000000000000e-01
1.890000000000000000e+02,3.101329447272028195e-01,2.195189808454860447e-01,8.750000000000000000e-01
1.900000000000000000e+02,3.101186545723839671e-01,2.194773961664253648e-01,8.750000000000000000e-01
1.910000000000000000e+02,3.101046842644069046e-01,2.194364377365660701e-01,8.750000000000000000e-01
1.920000000000000000e+02,3.100910261250847677e-01,2.193960940444688035e-01,8.750000000000000000e-01
1.930000000000000000e+02,3.100776726763603830e-01,2.193563538367714061e-01,8.750000000000000000e-01
1.940000000000000000e+02,3.100646166345299992e-01,2.193172061112861060e-01,8.750000000000000000e-01
1.950000000000000000e+02,3.100518509046553128e-01,2.192786401103116734e-01,8.750000000000000000e-01
1.960000000000000000e+02,3.100393685751554051e-01,2.192406453141536316e-01,8.750000000000000000e-01
1.970000000000000000e+02,3.100271629125719297e-01,2.192032114348449190e-01,8.750000000000000000e-01
1.980000000000000000e+02,3.100152273565031646e-01,2.191663284100594244e-01,8.750000000000000000e-01
1.990000000000000000e+02,3.100035555146978816e-01,2.191299863972123174e-01,8.750000000000000000e-01
2.000000000000000000e+02,3.099921411583055342e-01,2.190941757677397628e-01,8.750000000000000000e-01
2.010000000000000000e+02,3.099809782172775474e-01,2.190588871015526351e-01,8.750000000000000000e-01
2.020000000000000000e+02,3.099700607759112714e-01,2.190241111816574604e-01,8.750000000000000000e-01
2.030000000000000000e+02,3.099593830685355433e-01,2.189898389889393671e-01,8.750000000000000000e-01
2.040000000000000000e+02,3.099489394753300320e-01,2.189560616971008289e-01,8.750000000000000000e-01
2.050000000000000000e+02,3.099387245182742556e-01,2.189227706677517316e-01,8.750000000000000000e-01
2.060000000000000000e+02,3.099287328572231104e-01,2.188899574456444896e-01,8.750000000000000000e-01
2.070000000000000000e+02,3.099189592861020803e-01,2.188576137540501620e-01,8.750000000000000000e-01
2.080000000000000000e+02,3.099093987292210195e-01,2.188257314902708472e-01,8.750000000000000000e-01
2.090000000000000000e+02,3.099000462376990672e-01,2.187943027212826963e-01,8.750000000000000000e-01
2.100000000000000000e+02,3.098908969859998641e-01,2.187633196795065460e-01,8.750000000000000000e-01
2.110000000000000000e+02,3.098819462685712400e-01,2.187327747587008986e-01,8.750000000000000000e-01
2.120000000000000000e+02,3.098731894965871536e-01,2.187026605099737786e-01,8.750000000000000000e-01
2.130000000000000000e+02,3.098646221947868873e-01,2.186729696379091925e-01,8.750000000000000000e-01
2.140000000000000000e+02,3.098562399984111093e-01,2.186436949968044718e-01,8.750000000000000000e-01
2.150000000000000000e+02,3.098480386502266981e-01,2.186148295870150859e-01,8.750000000000000000e-01
2.160000000000000000e+02,3.098400139976434930e-01,2.185863665514033161e-01,8.750000000000000000e-01
2.170000000000000000e+02,3.098321619899139789e-01,2.185582991718869050e-01,8.750000000000000000e-01
2.180000000000000000e+02,3.098244786754177360e-01,2.185306208660856286e-01,8.750000000000000000e-01
2.190000000000000000e+02,3.098169601990249933e-01,2.185033251840612922e-01,8.750000000000000000e-01
2.200000000000000000e+02,3.098096027995377866e-01,2.184764058051490154e-01,8.750000000000000000e-01
2.210000000000000000e+02,3.098024028072062230e-01,2.184498565348767518e-01,8.750000000000000000e-01
2.220000000000000000e+02,3.097953566413176318e-01,2.184236713019698795e-01,8.750000000000000000e-01
2.230000000000000000e+02,3.097884608078546043e-01,2.183978441554386696e-01,8.750000000000000000e-01
2.240000000000000000e+02,3.097817118972224226e-01,2.183723692617455803e-01,8.750000000000000000e-01
2.250000000000000000e+02,3.097751065820411598e-01,2.183472409020505434e-01,8.750000000000000000e-01
2.260000000000000000e+02,3.097686416150013389e-01,2.183224534695302199e-01,8.750000000000000000e-01
2.270000000000000000e+02,3.097623138267815435e-01,2.182980014667714741e-01,8.750000000000000000e-01
2.280000000000000000e+02,3.097561201240255913e-01,2.182738795032340973e-01,8.750000000000000000e-01
2.290000000000000000e+02,3.097500574873768286e-01,2.182500822927826434e-01,8.750000000000000000e-01
2.300000000000000000e+02,3.097441229695685472e-01,2.182266046512842672e-01,8.750000000000000000e-01
2.310000000000000000e+02,3.097383136935688008e-01,2.182034414942702338e-01,8.750000000000000000e-01
2.320000000000000000e+02,3.097326268507772373e-01,2.181805878346607108e-01,8.750000000000000000e-01
2.330000000000000000e+02,3.097270596992725000e-01,2.181580387805487631e-01,8.750000000000000000e-01
2.340000000000000000e+02,3.097216095621090348e-01,2.181357895330438557e-01,8.750000000000000000e-01
2.350000000000000000e+02,3.097162738256618586e-01,2.181138353841713118e-01,8.750000000000000000e-01
2.360000000000000000e+02,3.097110499380164028e-01,2.180921717148271433e-01,8.750000000000000000e-01
2.370000000000000000e+02,3.097059354074045978e-01,2.180707939927866990e-01,8.750000000000000000e-01
2.380000000000000000e+02,3.097009278006825350e-01,2.180496977707643558e-01,8.750000000000000000e-01
2.390000000000000000e+02,3.096960247418519829e-01,2.180288786845237803e-01,8.750000000000000000e-01
2.400000000000000000e+02,3.096912239106209275e-01,2.180083324510374010e-01,8.750000000000000000e-01
2.410000000000000000e+02,3.096865230410050240e-01,2.179880548666926487e-01,8.750000000000000000e-01
2.420000000000000000e+02,3.096819199199663530e-01,2.179680418055442992e-01,8.750000000000000000e-01
2.430000000000000000e+02,3.096774123860897010e-01,2.179482892176118347e-01,8.750000000000000000e-01
2.440000000000000000e+02,3.096729983282950904e-01,2.179287931272196333e-01,8.750000000000000000e-01
2.450000000000000000e+02,3.096686756845847266e-01,2.179095496313792901e-01,8.750000000000000000e-01
2.460000000000000000e+02,3.096644424408244722e-01,2.178905548982130180e-01,8.750000000000000000e-01
2.470000000000000000e+02,3.096602966295570192e-01,2.178718051654169874e-01,8.750000000000000000e-01
2.480000000000000000e+02,3.096562363288490327e-01,2.178532967387621366e-01,8.750000000000000000e-01
2.490000000000000000e+02,3.096522596611669953e-01,2.178350259906335629e-01,8.750000000000000000e-01
2.500000000000000000e+02,3.096483647922843585e-01,2.178169893586058836e-01,8.750000000000000000e-01
2.510000000000000000e+02,3.096445499302181714e-01,2.177991833440537095e-01,8.750000000000000000e-01
2.520000000000000000e+02,3.096408133241925764e-01,2.177816045107966725e-01,8.750000000000000000e-01
2.530000000000000000e+02,3.096371532636312818e-01,2.177642494837780107e-01,8.750000000000000000e-01
2.540000000000000000e+02,3.096335680771760690e-01,2.177471149477750723e-01,8.750000000000000000e-01
2.550000000000000000e+02,3.096300561317310573e-01,2.177301976461420985e-01,8.750000000000000000e-01
2.560000000000000000e+02,3.096266158315322814e-01,2.177134943795827893e-01,8.750000000000000000e-01
2.570000000000000000e+02,3.096232456172419156e-01,2.176970020049533994e-01,8.750000000000000000e-01
2.580000000000000000e+02,3.096199439650658691e-01,2.176807174340945339e-01,8.750000000000000000e-01
2.590000000000000000e+02,3.096167093858949171e-01,2.176646376326910881e-01,8.750000000000000000e-01
2.600000000000000000e+02,3.096135404244673706e-01,2.176487596191595819e-01,8.750000000000000000e-01
2.610000000000000000e+02,3.096104356585545614e-01,2.176330804635625005e-01,8.750000000000000000e-01
2.620000000000000000e+02,3.096073936981665886e-01,2.176175972865478092e-01,8.750000000000000000e-01
2.630000000000000000e+02,3.096044131847791592e-01,2.176023072583148088e-01,8.750000000000000000e-01
2.640000000000000000e+02,3.096014927905797465e-01,2.175872075976033604e-01,8.750000000000000000e-01
2.650000000000000000e+02,3.095986312177341770e-01,2.175722955707078687e-01,8.750000000000000000e-01
2.660000000000000000e+02,3.095958271976710918e-01,2.175575684905140805e-01,8.750000000000000000e-01
2.670000000000000000e+02,3.095930794903849481e-01,2.175430237155585311e-01,8.750000000000000000e-01
2.680000000000000000e+02,3.095903868837571737e-01,2.175286586491104457e-01,8.750000000000000000e-01
2.690000000000000000e+02,3.095877481928943076e-01,2.175144707382740406e-01,8.750000000000000000e-01
2.700000000000000000e+02,3.095851622594834596e-01,2.175004574731132512e-01,8.750000000000000000e-01
2.710000000000000000e+02,3.095826279511629253e-01,2.174866163857950563e-01,8.750000000000000000e-01
2.720000000000000000e+02,3.095801441609105642e-01,2.174729450497537575e-01,8.750000000000000000e-01
2.730000000000000000e+02,3.095777098064457222e-01,2.174594410788744658e-01,8.750000000000000000e-01
2.740000000000000000e+02,3.095753238296479748e-01,2.174461021266943794e-01,8.750000000000000000e-01
2.750000000000000000e+02,3.095729851959889145e-01,2.174329258856234348e-01,8.750000000000000000e-01
2.760000000000000000e+02,3.095706928939792602e-01,2.174199100861822775e-01,8.750000000000000000e-01
2.770000000000000000e+02,3.095684459346297879e-01,2.174070524962572470e-01,8.750000000000000000e-01
2.780000000000000000e+02,3.095662433509248079e-01,2.173943509203731528e-01,8.750000000000000000e-01
2.790000000000000000e+02,3.095640841973099078e-01,2.173818031989812327e-01,8.750000000000000000e-01
2.800000000000000000e+02,3.095619675491916301e-01,2.173694072077641815e-01,8.750000000000000000e-01
2.810000000000000000e+02,3.095598925024500847e-01,2.173571608569566105e-01,8.750000000000000000e-01
2.820000000000000000e+02,3.095578581729630518e-01,2.173450620906801078e-01,8.750000000000000000e-01
2.830000000000000000e+02,3.095558636961427412e-01,2.173331088862937577e-01,8.750000000000000000e-01
2.840000000000000000e+02,3.095539082264831543e-01,2.173212992537589816e-01,8.750000000000000000e-01
2.850000000000000000e+02,3.095519909371186040e-01,2.173096312350183690e-01,8.750000000000000000e-01
2.860000000000000000e+02,3.095501110193941696e-01,2.172981029033880795e-01,8.750000000000000000e-01
2.870000000000000000e+02,3.095482676824452550e-01,2.172867123629640962e-01,8.750000000000000000e-01
2.880000000000000000e+02,3.095464601527880832e-01,2.172754577480410509e-01,8.750000000000000000e-01
2.890000000000000000e+02,3.095446876739206821e-01,2.172643372225440683e-01,8.750000000000000000e-01
2.900000000000000000e+02,3.095429495059323632e-01,2.172533489794729600e-01,8.750000000000000000e-01
2.910000000000000000e+02,3.095412449251243592e-01,2.172424912403583264e-01,8.750000000000000000e-01
2.920000000000000000e+02,3.095395732236380093e-01,2.172317622547300375e-01,8.750000000000000000e-01
2.930000000000000000e+02,3.095379337090931049e-01,2.172211602995961499e-01,8.750000000000000000e-01
2.940000000000000000e+02,3.095363257042344496e-01,2.172106836789343964e-01,8.750000000000000000e-01
2.950000000000000000e+02,3.095347485465871906e-01,2.172003307231936131e-01,8.750000000000000000e-01
2.960000000000000000e+02,3.095332015881201992e-01,2.171900997888061013e-01,8.750000000000000000e-01
2.970000000000000000e+02,3.095316841949180553e-01,2.171799892577108149e-01,8.750000000000000000e-01
2.980000000000000000e+02,3.095301957468603593e-01,2.171699975368863167e-01,8.750000000000000000e-01
2.990000000000000000e+02,3.095287356373088161e-01,2.171601230578935338e-01,8.750000000000000000e-01
3.000000000000000000e+02,3.095273032728024787e-01,2.171503642764285869e-01,8.750000000000000000e-01
3.010000000000000000e+02,3.095258980727590425e-01,2.171407196718850297e-01,8.750000000000000000e-01
3.020000000000000000e+02,3.095245194691846891e-01,2.171311877469250251e-01,8.750000000000000000e-01
3.030000000000000000e+02,3.095231669063894797e-01,2.171217670270598477e-01,8.750000000000000000e-01
3.040000000000000000e+02,3.095218398407105775e-01,2.171124560602388232e-01,8.750000000000000000e-01
3.050000000000000000e+02,3.095205377402416302e-01,2.171032534164472894e-01,8.750000000000000000e-01
3.060000000000000000e+02,3.095192600845681485e-01,2.170941576873125223e-01,8.750000000000000000e-01
3.070000000000000000e+02,3.095180063645100454e-01,2.170851674857181557e-01,8.750000000000000000e-01
3.080000000000000000e+02,3.095167760818695601e-01,2.170762814454262057e-01,8.750000000000000000e-01
3.090000000000000000e+02,3.095155687491850660e-01,2.170674982207077552e-01,8.750000000000000000e-01
3.100000000000000000e+02,3.095143838894913735e-01,2.170588164859799107e-01,8.750000000000000000e-01
3.110000000000000000e+02,3.095132210360848624e-01,2.170502349354511973e-01,8.750000000000000000e-01
3.120000000000000000e+02,3.095120797322948869e-01,2.170417522827742529e-01,8.750000000000000000e-01
3.130000000000000000e+02,3.095109595312596218e-01,2.170333672607048237e-01,8.750000000000000000e-01
3.140000000000000000e+02,3.095098599957082364e-01,2.170250786207686688e-01,8.750000000000000000e-01
3.150000000000000000e+02,3.095087806977470657e-01,2.170168851329344339e-01,8.750000000000000000e-01
3.160000000000000000e+02,3.095077212186515547e-01,2.170087855852934899e-01,8.750000000000000000e-01
3.170000000000000000e+02,3.095066811486628100e-01,2.170007787837461843e-01,8.750000000000000000e-01
3.180000000000000000e+02,3.095056600867886476e-01,2.169928635516947535e-01,8.750000000000000000e-01
3.190000000000000000e+02,3.095046576406098038e-01,2.169850387297415639e-01,8.750000000000000000e-01
3.200000000000000000e+02,3.095036734260900313e-01,2.169773031753943759e-01,8.750000000000000000e-01
3.210000000000000000e+02,3.095027070673907477e-01,2.169696557627765476e-01,8.750000000000000000e-01
3.220000000000000000e+02,3.095017581966905129e-01,2.169620953823439002e-01,8.750000000000000000e-01
3.230000000000000000e+02,3.095008264540079490e-01,2.169546209406065795e-01,8.750000000000000000e-01
3.240000000000000000e+02,3.094999114870287671e-01,2.169472313598565516e-01,8.750000000000000000e-01
3.250000000000000000e+02,3.094990129509375687e-01,2.169399255779007607e-01,8.750000000000000000e-01
3.260000000000000000e+02,3.094981305082529777e-01,2.169327025477990056e-01,8.750000000000000000e-01
3.270000000000000000e+02,3.094972638286658806e-01,2.169255612376074782e-01,8.750000000000000000e-01
3.280000000000000000e+02,3.094964125888828299e-01,2.169185006301274643e-01,8.750000000000000000e-01
3.290000000000000000e+02,3.094955764724718894e-01,2.169115197226577363e-01,8.750000000000000000e-01
3.300000000000000000e+02,3.094947551697123100e-01,2.169046175267534959e-01,8.750000000000000000e-01
3.310000000000000000e+02,3.094939483774478139e-01,2.168977930679885924e-01,8.750000000000000000e-01
3.320000000000000000e+02,3.094931557989434312e-01,2.168910453857232634e-01,8.750000000000000000e-01
3.330000000000000000e+02,3.094923771437445015e-01,2.168843735328756794e-01,8.750000000000000000e-01
3.340000000000000000e+02,3.094916121275405052e-01,2.168777765756983444e-01,8.750000000000000000e-01
3.350000000000000000e+02,3.094908604720305045e-01,2.168712535935587715e-01,8.750000000000000000e-01
3.360000000000000000e+02,3.094901219047924701e-01,2.168648036787237388e-01,8.750000000000000000e-01
3.370000000000000000e+02,3.094893961591556608e-01,2.168584259361489575e-01,8.750000000000000000e-01
3.380000000000000000e+02,3.094886829740750578e-01,2.168521194832710997e-01,8.750000000000000000e-01
3.390000000000000000e+02,3.094879820940096282e-01,2.168458834498052101e-01,8.750000000000000000e-01
3.400000000000000000e+02,3.094872932688027545e-01,2.168397169775450328e-01,8.750000000000000000e-01
3.410000000000000000e+02,3.094866162535653831e-01,2.168336192201675838e-01,8.750000000000000000e-01
3.420000000000000000e+02,3.094859508085617272e-01,2.168275893430414991e-01,8.750000000000000000e-01
3.430000000000000000e+02,3.094852966990985221e-01,2.168216265230381301e-01,8.750000000000000000e-01
3.440000000000000000e+02,3.094846536954147798e-01,2.168157299483474409e-01,8.750000000000000000e-01
3.450000000000000000e+02,3.094840215725765398e-01,2.168098988182962650e-01,8.750000000000000000e-01
3.460000000000000000e+02,3.094834001103712318e-01,2.168041323431706968e-01,8.750000000000000000e-01
3.470000000000000000e+02,3.094827890932070891e-01,2.167984297440413710e-01,8.750000000000000000e-01
3.480000000000000000e+02,3.094821883100126736e-01,2.167927902525918493e-01,8.750000000000000000e-01
3.490000000000000000e+02,3.094815975541398978e-01,2.167872131109510048e-01,8.750000000000000000e-01
3.500000000000000000e+02,3.094810166232688786e-01,2.167816975715273209e-01,8.750000000000000000e-01
3.510000000000000000e+02,3.094804453193144567e-01,2.167762428968470212e-01,8.750000000000000000e-01
3.520000000000000000e+02,3.094798834483356575e-01,2.167708483593952240e-01,8.750000000000000000e-01
3.530000000000000000e+02,3.094793308204464855e-01,2.167655132414595121e-01,8.750000000000000000e-01
3.540000000000000000e+02,3.094787872497287706e-01,2.167602368349765829e-01,8.750000000000000000e-01
3.550000000000000000e+02,3.094782525541475149e-01,2.167550184413819248e-01,8.750000000000000000e-01
3.560000000000000000e+02,3.094777265554673473e-01,2.167498573714617682e-01,8.750000000000000000e-01
3.570000000000000000e+02,3.094772090791710895e-01,2.167447529452081467e-01,8.750000000000000000e-01
3.580000000000000000e+02,3.094766999543806518e-01,2.167397044916763993e-01,8.750000000000000000e-01
3.590000000000000000e+02,3.094761990137787633e-01,2.167347113488450050e-01,8.750000000000000000e-01
3.600000000000000000e+02,3.094757060935334203e-01,2.167297728634784981e-01,8.750000000000000000e-01
3.610000000000000000e+02,3.094752210332228914e-01,2.167248883909921597e-01,8.750000000000000000e-01
3.620000000000000000e+02,3.094747436757632753e-01,2.167200572953197069e-01,8.750000000000000000e-01
3.630000000000000000e+02,3.094742738673375015e-01,2.167152789487830911e-01,8.750000000000000000e-01
3.640000000000000000e+02,3.094738114573254983e-01,2.167105527319644342e-01,8.750000000000000000e-01
3.650000000000000000e+02,3.094733562982362463e-01,2.167058780335807400e-01,8.750000000000000000e-01
3.660000000000000000e+02,3.094729082456411096e-01,2.167012542503601868e-01,8.750000000000000000e-01
3.670000000000000000e+02,3.094724671581086661e-01,2.166966807869211420e-01,8.750000000000000000e-01
3.680000000000000000e+02,3.094720328971413137e-01,2.166921570556530341e-01,8.750000000000000000e-01
3.690000000000000000e+02,3.094716053271128198e-01,2.166876824765992249e-01,8.750000000000000000e-01
3.700000000000000000e+02,3.094711843152072595e-01,2.166832564773424896e-01,8.750000000000000000e-01
3.710000000000000000e+02,3.094707697313596739e-01,2.166788784928915246e-01,8.750000000000000000e-01
3.720000000000000000e+02,3.094703614481976173e-01,2.166745479655704520e-01,8.750000000000000000e-01
3.730000000000000000e+02,3.094699593409840910e-01,2.166702643449094912e-01,8.750000000000000000e-01
3.740000000000000000e+02,3.094695632875619773e-01,2.166660270875380156e-01,8.750000000000000000e-01
3.750000000000000000e+02,3.094691731682992497e-01,2.166618356570790827e-01,8.750000000000000000e-01
3.760000000000000000e+02,3.094687888660356268e-01,2.166576895240461820e-01,8.750000000000000000e-01
3.770000000000000000e+02,3.094684102660305580e-01,2.166535881657412899e-01,8.750000000000000000e-01
3.780000000000000000e+02,3.094680372559116543e-01,2.166495310661551432e-01,8.750000000000000000e-01
3.790000000000000000e+02,3.094676697256256159e-01,2.166455177158688183e-01,8.750000000000000000e-01
3.800000000000000000e+02,3.094673075673883278e-01,2.166415476119571970e-01,8.750000000000000000e-01
3.810000000000000000e+02,3.094669506756373423e-01,2.166376202578942922e-01,8.750000000000000000e-01
3.820000000000000000e+02,3.094665989469856937e-01,2.166337351634594621e-01,8.750000000000000000e-01
3.830000000000000000e+02,3.094662522801752691e-01,2.166298918446461497e-01,8.750000000000000000e-01
3.840000000000000000e+02,3.094659105760324547e-01,2.166260898235712884e-01,8.750000000000000000e-01
3.850000000000000000e+02,3.094655737374240601e-01,2.166223286283871230e-01,8.750000000000000000e-01
3.860000000000000000e+02,3.094652416692147412e-01,2.166186077931936127e-01,8.750000000000000000e-01
3.870000000000000000e+02,3.094649142782249229e-01,2.166149268579528608e-01,8.750000000000000000e-01
3.880000000000000000e+02,3.094645914731894432e-01,2.166112853684049322e-01,8.750000000000000000e-01
3.890000000000000000e+02,3.094642731647179179e-01,2.166076828759848638e-01,8.750000000000000000e-01
3.900000000000000000e+02,3.094639592652548288e-01,2.166041189377412302e-01,8.750000000000000000e-01
3.910000000000000000e+02,3.094636496890417199e-01,2.166005931162559572e-01,8.750000000000000000e-01
3.920000000000000000e+02,3.094633443520789506e-01,2.165971049795656911e-01,8.750000000000000000e-01
3.930000000000000000e+02,3.094630431720892250e-01,2.165936541010839156e-01,8.750000000000000000e-01
3.940000000000000000e+02,3.094627460684814535e-01,2.165902400595251243e-01,8.750000000000000000e-01
3.950000000000000000e+02,3.094624529623152265e-01,2.165868624388295749e-01,8.750000000000000000e-01
3.960000000000000000e+02,3.094621637762670630e-01,2.165835208280896818e-01,8.750000000000000000e-01
3.970000000000000000e+02,3.094618784345955498e-01,2.165802148214774348e-01,8.750000000000000000e-01
3.980000000000000000e+02,3.094615968631093672e-01,2.165769440181729288e-01,8.750000000000000000e-01
3.990000000000000000e+02,3.094613189891339267e-01,2.165737080222943367e-01,8.750000000000000000e-01
4.000000000000000000e+02,3.094610447414806731e-01,2.165705064428287696e-01,8.750000000000000000e-01
4.010000000000000000e+02,3.094607740504153881e-01,2.165673388935641930e-01,8.750000000000000000e-01
4.020000000000000000e+02,3.094605068476281029e-01,2.165642049930229240e-01,8.750000000000000000e-01
4.030000000000000000e+02,3.094602430662036219e-01,2.165611043643955735e-01,8.750000000000000000e-01
4.040000000000000000e+02,3.094599826405921572e-01,2.165580366354763198e-01,8.750000000000000000e-01
4.050000000000000000e+02,3.094597255065812957e-01,2.165550014385995148e-01,8.750000000000000000e-01
4.060000000000000000e+02,3.094594716012674107e-01,2.165519984105767626e-01,8.750000000000000000e-01
4.070000000000000000e+02,3.094592208630294050e-01,2.165490271926353016e-01,8.750000000000000000e-01
4.080000000000000000e+02,3.094589732315016217e-01,2.165460874303575811e-01,8.750000000000000000e-01
4.090000000000000000e+02,3.094587286475475318e-01,2.165431787736210034e-01,8.750000000000000000e-01
4.100000000000000000e+02,3.094584870532344212e-01,2.165403008765399151e-01,8.750000000000000000e-01
4.110000000000000000e+02,3.094582483918085214e-01,2.165374533974070148e-01,8.750000000000000000e-01
4.120000000000000000e+02,3.094580126076704185e-01,2.165346359986370373e-01,8.750000000000000000e-01
4.130000000000000000e+02,3.094577796463510166e-01,2.165318483467103816e-01,8.750000000000000000e-01
4.140000000000000000e+02,3.094575494544881678e-01,2.165290901121178779e-01,8.750000000000000000e-01
4.150000000000000000e+02,3.094573219798040231e-01,2.165263609693069413e-01,8.750000000000000000e-01
4.160000000000000000e+02,3.094570971710818852e-01,2.165236605966276984e-01,8.750000000000000000e-01
4.170000000000000000e+02,3.094568749781451134e-01,2.165209886762805291e-01,8.750000000000000000e-01
4.180000000000000000e+02,3.094566553518348639e-01,2.165183448942644695e-01,8.750000000000000000e-01
4.190000000000000000e+02,3.094564382439891070e-01,2.165157289403257523e-01,8.750000000000000000e-01
4.200000000000000000e+02,3.094562236074227535e-01,2.165131405079081528e-01,8.750000000000000000e-01
4.210000000000000000e+02,3.094560113959065606e-01,2.165105792941031670e-01,8.750000000000000000e-01
4.220000000000000000e+02,3.094558015641477033e-01,2.165080449996016065e-01,8.750000000000000000e-01
4.230000000000000000e+02,3.094555940677706785e-01,2.165055373286454421e-01,8.750000000000000000e-01
4.240000000000000000e+02,3.094553888632979310e-01,2.165030559889808137e-01,8.750000000000000000e-01
4.250000000000000000e+02,3.094551859081317580e-01,2.165006006918115955e-01,8.750000000000000000e-01
4.260000000000000000e+02,3.094549851605356561e-01,2.164981711517532936e-01,8.750000000000000000e-01
4.270000000000000000e+02,3.094547865796170583e-01,2.164957670867885819e-01,8.750000000000000000e-01
4.280000000000000000e+02,3.094545901253095144e-01,2.164933882182222824e-01,8.750000000000000000e-01
4.290000000000000000e+02,3.094543957583561489e-01,2.164910342706382607e-01,8.750000000000000000e-01
4.300000000000000000e+02,3.094542034402923969e-01,2.164887049718558498e-01,8.750000000000000000e-01
4.310000000000000000e+02,3.094540131334301836e-01,2.164864000528878007e-01,8.750000000000000000e-01
4.320000000000000000e+02,3.094538248008416037e-01,2.164841192478985654e-01,8.750000000000000000e-01
4.330000000000000000e+02,3.094536384063434897e-01,2.164818622941628024e-01,8.750000000000000000e-01
4.340000000000000000e+02,3.094534539144819796e-01,2.164796289320252143e-01,8.750000000000000000e-01
4.350000000000000000e+02,3.094532712905174732e-01,2.164774189048606079e-01,8.750000000000000000e-01
4.360000000000000000e+02,3.094530905004101440e-01,2.164752319590342589e-01,8.750000000000000000e-01
4.370000000000000000e+02,3.094529115108055617e-01,2.164730678438636369e-01,8.750000000000000000e-01
4.380000000000000000e+02,3.094527342890200927e-01,2.164709263115799642e-01,8.750000000000000000e-01
4.390000000000000000e+02,3.094525588030279106e-01,2.164688071172905792e-01,8.750000000000000000e-01
4.400000000000000000e+02,3.094523850214468963e-01,2.164667100189420768e-01,8.750000000000000000e-01
4.410000000000000000e+02,3.094522129135257038e-01,2.164646347772840040e-01,8.750000000000000000e-01
4.420000000000000000e+02,3.094520424491307153e-01,2.164625811558321122e-01,8.750000000000000000e-01
4.430000000000000000e+02,3.094518735987334401e-01,2.164605489208338562e-01,8.750000000000000000e-01
4.440000000000000000e+02,3.094517063333980800e-01,2.164585378412330618e-01,8.750000000000000000e-01
4.450000000000000000e+02,3.094515406247692058e-01,2.164565476886354534e-01,8.750000000000000000e-01
4.460000000000000000e+02,3.094513764450604332e-01,2.164545782372748195e-01,8.750000000000000000e-01
4.470000000000000000e+02,3.094512137670418772e-01,2.164526292639798177e-01,8.750000000000000000e-01
4.480000000000000000e+02,3.094510525640296050e-01,2.164507005481407231e-01,8.750000000000000000e-01
4.490000000000000000e+02,3.094508928098740341e-01,2.164487918716772319e-01,8.750000000000000000e-01
4.500000000000000000e+02,3.094507344789487746e-01,2.164469030190062926e-01,8.750000000000000000e-01
4.510000000000000000e+02,3.094505775461408037e-01,2.164450337770107424e-01,8.750000000000000000e-01
4.520000000000000000e+02,3.094504219868388084e-01,2.164431839350081932e-01,8.750000000000000000e-01
4.530000000000000000e+02,3.094502677769238042e-01,2.164413532847202504e-01,8.750000000000000000e-01
4.540000000000000000e+02,3.094501148927588097e-01,2.164395416202427869e-01,8.750000000000000000e-01
4.550000000000000000e+02,3.094499633111787440e-01,2.164377487380156340e-01,8.750000000000000000e-01
4.560000000000000000e+02,3.094498130094811561e-01,2.164359744367934935e-01,8.750000000000000000e-01
4.570000000000000000e+02,3.094496639654166215e-01,2.164342185176171829e-01,8.750000000000000000e-01
4.580000000000000000e+02,3.094495161571794162e-01,2.164324807837848808e-01,8.750000000000000000e-01
4.590000000000000000e+02,3.094493695633988017e-01,2.164307610408242044e-01,8.750000000000000000e-01
4.600000000000000000e+02,3.094492241631294216e-01,2.164290590964643712e-01,8.750000000000000000e-01
4.610000000000000000e+02,3.094490799358435851e-01,2.164273747606089981e-01,8.750000000000000000e-01
4.620000000000000000e+02,3.094489368614219416e-01,2.164257078453091232e-01,8.750000000000000000e-01
4.630000000000000000e+02,3.094487949201455423e-01,2.164240581647366990e-01,8.750000000000000000e-01
4.640000000000000000e+02,3.094486540926879026e-01,2.164224255351583359e-01,8.750000000000000000e-01
4.650000000000000000e+02,3.094485143601062860e-01,2.164208097749095727e-01,8.750000000000000000e-01
4.660000000000000000e+02,3.094483757038345439e-01,2.164192107043692859e-01,8.750000000000000000e-01
4.670000000000000000e+02,3.094482381056753439e-01,2.164176281459349593e-01,8.750000000000000000e-01
4.680000000000000000e+02,3.094481015477923980e-01,2.164160619239972883e-01,8.750000000000000000e-01
4.690000000000000000e+02,3.094479660127032461e-01,2.164145118649165034e-01,8.750000000000000000e-01
4.700000000000000000e+02,3.094478314832719845e-01,2.164129777969976964e-01,8.750000000000000000e-01
4.710000000000000000e+02,3.094476979427025487e-01,2.164114595504674499e-01,8.750000000000000000e-01
4.720000000000000000e+02,3.094475653745316079e-01,2.164099569574503279e-01,8.750000000000000000e-01
4.730000000000000000e+02,3.094474337626214600e-01,2.164084698519458116e-01,8.750000000000000000e-01
4.740000000000000000e+02,3.094473030911538691e-01,2.164069980698052065e-01,8.750000000000000000e-01
4.750000000000000000e+02,3.094471733446234052e-01,2.164055414487098261e-01,8.750000000000000000e-01
4.760000000000000000e+02,3.094470445078311149e-01,2.164040998281482886e-01,8.750000000000000000e-01
4.770000000000000000e+02,3.094469165658783050e-01,2.164026730493948114e-01,8.750000000000000000e-01
4.780000000000000000e+02,3.094467895041603245e-01,2.164012609554877287e-01,8.750000000000000000e-01
4.790000000000000000e+02,3.094466633083608476e-01,2.163998633912082303e-01,8.750000000000000000e-01
4.800000000000000000e+02,3.094465379644458225e-01,2.163984802030592680e-01,8.750000000000000000e-01
4.810000000000000000e+02,3.094464134586576431e-01,2.163971112392450158e-01,8.750000000000000000e-01
4.820000000000000000e+02,3.094462897775099863e-01,2.163957563496502756e-01,8.750000000000000000e-01
4.830000000000000000e+02,3.094461669077818167e-01,2.163944153858205488e-01,8.750000000000000000e-01
4.840000000000000000e+02,3.094460448365122796e-01,2.163930882009419965e-01,8.750000000000000000e-01
4.850000000000000000e+02,3.094459235509953166e-01,2.163917746498217609e-01,8.750000000000000000e-01
4.860000000000000000e+02,3.094458030387745584e-01,2.163904745888690917e-01,8.750000000000000000e-01
4.870000000000000000e+02,3.094456832876383290e-01,2.163891878760756116e-01,8.750000000000000000e-01
4.880000000000000000e+02,3.094455642856145383e-01,2.163879143709970809e-01,8.750000000000000000e-01
4.890000000000000000e+02,3.094454460209660751e-01,2.163866539347343299e-01,8.750000000000000000e-01
4.900000000000000000e+02,3.094453284821855887e-01,2.163854064299153279e-01,8.750000000000000000e-01
4.910000000000000000e+02,3.094452116579914924e-01,2.163841717206766990e-01,8.750000000000000000e-01
4.920000000000000000e+02,3.094450955373229672e-01,2.163829496726463186e-01,8.750000000000000000e-01
4.930000000000000000e+02,3.094449801093351327e-01,2.163817401529254114e-01,8.750000000000000000e-01
4.940000000000000000e+02,3.094448653633958268e-01,2.163805430300711485e-01,8.750000000000000000e-01
4.950000000000000000e+02,3.094447512890800556e-01,2.163793581740796057e-01,8.750000000000000000e-01
4.960000000000000000e+02,3.094446378761666616e-01,2.163781854563688878e-01,8.750000000000000000e-01
4.970000000000000000e+02,3.094445251146337172e-01,2.163770247497623644e-01,8.750000000000000000e-01
4.980000000000000000e+02,3.094444129946548050e-01,2.163758759284719613e-01,8.750000000000000000e-01
4.990000000000000000e+02,3.094443015065948543e-01,2.163747388680823391e-01,8.750000000000000000e-01
5.000000000000000000e+02,3.094441906410063114e-01,2.163736134455344629e-01,8.750000000000000000e-01
5.010000000000000000e+02,3.094440803886258085e-01,2.163724995391098638e-01,8.750000000000000000e-01
5.020000000000000000e+02,3.094439707403694451e-01,2.163713970284149857e-01,8.750000000000000000e-01
5.030000000000000000e+02,3.094438616873300130e-01,2.163703057943658359e-01,8.750000000000000000e-01
5.040000000000000000e+02,3.094437532207734987e-01,2.163692257191725532e-01,8.750000000000000000e-01
5.050000000000000000e+02,3.094436453321349756e-01,2.163681566863246142e-01,8.750000000000000000e-01
5.060000000000000000e+02,3.094435380130153290e-01,2.163670985805757341e-01,8.750000000000000000e-01
5.070000000000000000e+02,3.094434312551784805e-01,2.163660512879292119e-01,8.750000000000000000e-01
5.080000000000000000e+02,3.094433250505475019e-01,2.163650146956238307e-01,8.750000000000000000e-01
5.090000000000000000e+02,3.094432193912016182e-01,2.163639886921190081e-01,8.750000000000000000e-01
5.100000000000000000e+02,3.094431142693730430e-01,2.163629731670810852e-01,8.750000000000000000e-01
5.110000000000000000e+02,3.094430096774439809e-01,2.163619680113693655e-01,8.750000000000000000e-01
5.120000000000000000e+02,3.094429056079434637e-01,2.163609731170220984e-01,8.750000000000000000e-01
5.130000000000000000e+02,3.094428020535445190e-01,2.163599883772431842e-01,8.750000000000000000e-01
5.140000000000000000e+02,3.094426990070612282e-01,2.163590136863887403e-01,8.750000000000000000e-01
5.150000000000000000e+02,3.094425964614458957e-01,2.163580489399537787e-01,8.750000000000000000e-01
5.160000000000000000e+02,3.094424944097860508e-01,2.163570940345591609e-01,8.750000000000000000e-01
5.170000000000000000e+02,3.094423928453022277e-01,2.163561488679386358e-01,8.750000000000000000e-01
5.180000000000000000e+02,3.094422917613448565e-01,2.163552133389262944e-01,8.750000000000000000e-01
5.190000000000000000e+02,3.094421911513918211e-01,2.163542873474437744e-01,8.750000000000000000e-01
5.200000000000000000e+02,3.094420910090457943e-01,2.163533707944880757e-01,8.750000000000000000e-01
5.210000000000000000e+02,3.094419913280318513e-01,2.163524635821189590e-01,8.750000000000000000e-01
5.220000000000000000e+02,3.094418921021949709e-01,2.163515656134473719e-01,8.750000000000000000e-01
5.230000000000000000e+02,3.094417933254976494e-01,2.163506767926228203e-01,8.750000000000000000e-01
5.240000000000000000e+02,3.094416949920175131e-01,2.163497970248220992e-01,8.750000000000000000e-01
5.250000000000000000e+02,3.094415970959448203e-01,2.163489262162373861e-01,8.750000000000000000e-01
5.260000000000000000e+02,3.094414996315807409e-01,2.163480642740647775e-01,8.750000000000000000e-01
5.270000000000000000e+02,3.094414025933343582e-01,2.163472111064928538e-01,8.750000000000000000e-01
5.280000000000000000e+02,3.094413059757212814e-01,2.163463666226916327e-01,8.750000000000000000e-01
5.290000000000000000e+02,3.094412097733609812e-01,2.163455307328013277e-01,8.750000000000000000e-01
5.300000000000000000e+02,3.094411139809748468e-01,2.163447033479212467e-01,8.750000000000000000e-01
5.310000000000000000e+02,3.094410185933842983e-01,2.163438843800993827e-01,8.750000000000000000e-01
5.320000000000000000e+02,3.094409236055085111e-01,2.163430737423213124e-01,8.750000000000000000e-01
5.330000000000000000e+02,3.094408290123626393e-01,2.163422713484997872e-01,8.750000000000000000e-01
5.340000000000000000e+02,3.094407348090560395e-01,2.163414771134645476e-01,8.750000000000000000e-01
5.350000000000000000e+02,3.094406409907899391e-01,2.163406909529515809e-01,8.750000000000000000e-01
5.360000000000000000e+02,3.094405475528559379e-01,2.163399127835932689e-01,8.750000000000000000e-01
5.370000000000000000e+02,3.094404544906341759e-01,2.163391425229082010e-01,8.750000000000000000e-01
5.380000000000000000e+02,3.094403617995915567e-01,2.163383800892913489e-01,8.750000000000000000e-01
5.390000000000000000e+02,3.094402694752798610e-01,2.163376254020042688e-01,8.750000000000000000e-01
5.400000000000000000e+02,3.094401775133341359e-01,2.163368783811651375e-01,8.750000000000000000e-01
5.410000000000000000e+02,3.094400859094710299e-01,2.163361389477396202e-01,8.750000000000000000e-01
5.420000000000000000e+02,3.094399946594873496e-01,2.163354070235311011e-01,8.750000000000000000e-01
5.430000000000000000e+02,3.094399037592580060e-01,2.163346825311714683e-01,8.750000000000000000e-01
5.440000000000000000e+02,3.094398132047348482e-01,2.163339653941117879e-01,8.750000000000000000e-01
5.450000000000000000e+02,3.094397229919452763e-01,2.163332555366133947e-01,8.750000000000000000e-01
5.460000000000000000e+02,3.094396331169899650e-01,2.163325528837386769e-01,8.750000000000000000e-01
5.470000000000000000e+02,3.094395435760423085e-01,2.163318573613423612e-01,8.750000000000000000e-01
5.480000000000000000e+02,3.094394543653463669e-01,2.163311688960625756e-01,8.750000000000000000e-01
5.490000000000000000e+02,3.094393654812157002e-01,2.163304874153121060e-01,8.750000000000000000e-01
5.500000000000000000e+02,3.094392769200319249e-01,2.163298128472700976e-01,8.750000000000000000e-01
5.510000000000000000e+02,3.094391886782432710e-01,2.163291451208734506e-01,8.750000000000000000e-01
5.520000000000000000e+02,3.094391007523634718e-01,2.163284841658082436e-01,8.750000000000000000e-01
5.530000000000000000e+02,3.094390131389703757e-01,2.163278299125017123e-01,8.750000000000000000e-01
5.540000000000000000e+02,3.094389258347043370e-01,2.163271822921140897e-01,8.750000000000000000e-01
5.550000000000000000e+02,3.094388388362676046e-01,2.163265412365301954e-01,8.750000000000000000e-01
5.560000000000000000e+02,3.094387521404226571e-01,2.163259066783519702e-01,8.750000000000000000e-01
5.570000000000000000e+02,3.094386657439908705e-01,2.163252785508900933e-01,8.750000000000000000e-01
5.580000000000000000e+02,3.094385796438517966e-01,2.163246567881564886e-01,8.750000000000000000e-01
5.590000000000000000e+02,3.094384938369416638e-01,2.163240413248565253e-01,8.750000000000000000e-01
5.600000000000000000e+02,3.094384083202523228e-01,2.163234320963813018e-01,8.750000000000000000e-01
5.610000000000000000e+02,3.094383230908303029e-01,2.163228290388004849e-01,8.750000000000000000e-01
5.620000000000000000e+02,3.094382381457755349e-01,2.163222320888544270e-01,8.750000000000000000e-01
5.630000000000000000e+02,3.094381534822402413e-01,2.163216411839471165e-01,8.750000000000000000e-01
5.640000000000000000e+02,3.094380690974282144e-01,2.163210562621387945e-01,8.750000000000000000e-01
5.650000000000000000e+02,3.094379849885935396e-01,2.163204772621388217e-01,8.750000000000000000e-01
5.660000000000000000e+02,3.094379011530392631e-01,2.163199041232986564e-01,8.750000000000000000e-01
5.670000000000000000e+02,3.094378175881174475e-01,2.163193367856044991e-01,8.750000000000000000e-01
5.680000000000000000e+02,3.094377342912268958e-01,2.163187751896710753e-01,8.750000000000000000e-01
5.690000000000000000e+02,3.094376512598134843e-01,2.163182192767340584e-01,8.750000000000000000e-01
5.700000000000000000e+02,3.094375684913682201e-01,2.163176689886436854e-01,8.750000000000000000e-01
5.710000000000000000e+02,3.094374859834267966e-01,2.163171242678580408e-01,8.750000000000000000e-01
5.720000000000000000e+02,3.094374037335687055e-01,2.163165850574363946e-01,8.750000000000000000e-01
5.730000000000000000e+02,3.094373217394162934e-01,2.163160513010324859e-01,8.750000000000000000e-01
5.740000000000000000e+02,3.094372399986340394e-01,2.163155229428886384e-01,8.750000000000000000e-01
5.750000000000000000e+02,3.094371585089274457e-01,2.163149999278287383e-01,8.750000000000000000e-01
5.760000000000000000e+02,3.094370772680426485e-01,2.163144822012522117e-01,8.750000000000000000e-01
5.770000000000000000e+02,3.094369962737652524e-01,2.163139697091278624e-01,8.750000000000000000e-01
5.780000000000000000e+02,3.094369155239193869e-01,2.163134623979877103e-01,8.750000000000000000e-01
5.790000000000000000e+02,3.094368350163677062e-01,2.163129602149205799e-01,8.750000000000000000e-01
5.800000000000000000e+02,3.094367547490096682e-01,2.163124631075664384e-01,8.750000000000000000e-01
5.810000000000000000e+02,3.094366747197817569e-01,2.163119710241105387e-01,8.750000000000000000e-01
5.820000000000000000e+02,3.094365949266557614e-01,2.163114839132768696e-01,8.750000000000000000e-01
5.830000000000000000e+02,3.094365153676390534e-01,2.163110017243233263e-01,8.750000000000000000e-01
5.840000000000000000e+02,3.094364360407730885e-01,2.163105244070349098e-01,8.750000000000000000e-01
5.850000000000000000e+02,3.094363569441332951e-01,2.163100519117189258e-01,8.750000000000000000e-01
5.860000000000000000e+02,3.094362780758280196e-01,2.163095841891989335e-01,8.750000000000000000e-01
5.870000000000000000e+02,3.094361994339980826e-01,2.163091211908093336e-01,8.750000000000000000e-01
5.880000000000000000e+02,3.094361210168162235e-01,2.163086628683895951e-01,8.750000000000000000e-01
5.890000000000000000e+02,3.094360428224859905e-01,2.163082091742792590e-01,8.750000000000000000e-01
5.900000000000000000e+02,3.094359648492418513e-01,2.163077600613123042e-01,8.750000000000000000e-01
5.910000000000000000e+02,3.094358870953480278e-01,2.163073154828119016e-01,8.750000000000000000e-01
5.920000000000000000e+02,3.094358095590981628e-01,2.163068753925851406e-01,8.750000000000000000e-01
5.930000000000000000e+02,3.094357322388144871e-01,2.163064397449180054e-01,8.750000000000000000e-01
5.940000000000000000e+02,3.094356551328477645e-01,2.163060084945699624e-01,8.750000000000000000e-01
5.950000000000000000e+02,3.094355782395761256e-01,2.163055815967690754e-01,8.750000000000000000e-01
5.960000000000000000e+02,3.094355015574049017e-01,2.163051590072071484e-01,8.750000000000000000e-01
5.970000000000000000e+02,3.094354250847661247e-01,2.163047406820344243e-01,8.750000000000000000e-01
5.980000000000000000e+02,3.094353488201176949e-01,2.163043265778548663e-01,8.750000000000000000e-01
5.990000000000000000e+02,3.094352727619432142e-01,2.163039166517213840e-01,8.750000000000000000e-01
6.000000000000000000e+02,3.094351969087511534e-01,2.163035108611310042e-01,8.750000000000000000e-01
6.010000000000000000e+02,3.094351212590747413e-01,2.163031091640199577e-01,8.750000000000000000e-01
6.020000000000000000e+02,3.094350458114711322e-01,2.163027115187594052e-01,8.750000000000000000e-01
6.030000000000000000e+02,3.094349705645210724e-01,2.163023178841501915e-01,8.750000000000000000e-01
6.040000000000000000e+02,3.094348955168285675e-01,2.163019282194190152e-01,8.750000000000000000e-01
6.050000000000000000e+02,3.094348206670201606e-01,2.163015424842131829e-01,8.750000000000000000e-01
6.060000000000000000e+02,3.094347460137446548e-01,2.163011606385968622e-01,8.750000000000000000e-01
6.070000000000000000e+02,3.094346715556728911e-01,2.163007826430458636e-01,8.750000000000000000e-01
6.080000000000000000e+02,3.094345972914966936e-01,2.163004084584438380e-01,8.750000000000000000e-01
6.090000000000000000e+02,3.094345232199292028e-01,2.163000380460778638e-01,8.750000000000000000e-01
6.100000000000000000e+02,3.094344493397039320e-01,2.162996713676340055e-01,8.750000000000000000e-01
6.110000000000000000e+02,3.094343756495744890e-01,2.162993083851931786e-01,8.750000000000000000e-01
6.120000000000000000e+02,3.094343021483144662e-01,2.162989490612269861e-01,8.750000000000000000e-01
6.130000000000000000e+02,3.094342288347166070e-01,2.162985933585936382e-01,8.750000000000000000e-01
6.140000000000000000e+02,3.094341557075926397e-01,2.162982412405335120e-01,8.750000000000000000e-01
6.150000000000000000e+02,3.094340827657731108e-01,2.162978926706656535e-01,8.750000000000000000e-01
6.160000000000000000e+02,3.094340100081068301e-01,2.162975476129833097e-01,8.750000000000000000e-01
6.170000000000000000e+02,3.094339374334601489e-01,2.162972060318503753e-01,8.750000000000000000e-01
6.180000000000000000e+02,3.094338650407174596e-01,2.162968678919970633e-01,8.750000000000000000e-01
6.190000000000000000e+02,3.094337928287799744e-01,2.162965331585163242e-01,8.750000000000000000e-01
6.200000000000000000e+02,3.094337207965661696e-01,2.162962017968599326e-01,8.750000000000000000e-01
6.210000000000000000e+02,3.094336489430107306e-01,2.162958737728347125e-01,8.750000000000000000e-01
6.220000000000000000e+02,3.094335772670646634e-01,2.162955490525989011e-01,8.750000000000000000e-01
6.230000000000000000e+02,3.094335057676950163e-01,2.162952276026580967e-01,8.750000000000000000e-01
6.240000000000000000e+02,3.094334344438842699e-01,2.162949093898620112e-01,8.750000000000000000e-01
6.250000000000000000e+02,3.094333632946305590e-01,2.162945943814007510e-01,8.750000000000000000e-01
6.260000000000000000e+02,3.094332923189465068e-01,2.162942825448010142e-01,8.750000000000000000e-01
6.270000000000000000e+02,3.094332215158598909e-01,2.162939738479228158e-01,8.750000000000000000e-01
6.280000000000000000e+02,3.094331508844126999e-01,2.162936682589558512e-01,8.750000000000000000e-01
6.290000000000000000e+02,3.094330804236612997e-01,2.162933657464159720e-01,8.750000000000000000e-01
6.300000000000000000e+02,3.094330101326756566e-01,2.162930662791419656e-01,8.750000000000000000e-01
6.310000000000000000e+02,3.094329400105395034e-01,2.162927698262921139e-01,8.750000000000000000e-01
6.320000000000000000e+02,3.094328700563499512e-01,2.162924763573405296e-01,8.750000000000000000e-01
6.330000000000000000e+02,3.094328002692171564e-01,2.162921858420743249e-01,8.750000000000000000e-01
6.340000000000000000e+02,3.094327306482640982e-01,2.162918982505900034e-01,8.750000000000000000e-01
6.350000000000000000e+02,3.094326611926264681e-01,2.162916135532904072e-01,8.750000000000000000e-01
6.360000000000000000e+02,3.094325919014523363e-01,2.162913317208813024e-01,8.750000000000000000e-01
6.370000000000000000e+02,3.094325227739015416e-01,2.162910527243684378e-01,8.750000000000000000e-01
6.380000000000000000e+02,3.094324538091461352e-01,2.162907765350541855e-01,8.750000000000000000e-01
6.390000000000000000e+02,3.094323850063698811e-01,2.162905031245347109e-01,8.750000000000000000e-01
6.400000000000000000e+02,3.094323163647678121e-01,2.162902324646965302e-01,8.750000000000000000e-01
6.410000000000000000e+02,3.094322478835461188e-01,2.162899645277138738e-01,8.750000000000000000e-01
6.420000000000000000e+02,3.094321795619222049e-01,2.162896992860454115e-01,8.750000000000000000e-01
6.430000000000000000e+02,3.094321113991240768e-01,2.162894367124315598e-01,8.750000000000000000e-01
6.440000000000000000e+02,3.094320433943905102e-01,2.162891767798909015e-01,8.750000000000000000e-01
6.450000000000000000e+02,3.094319755469703281e-01,2.162889194617181876e-01,8.750000000000000000e-01
6.460000000000000000e+02,3.094319078561229563e-01,2.162886647314808397e-01,8.750000000000000000e-01
6.470000000000000000e+02,3.094318403211175905e-01,2.162884125630162857e-01,8.750000000000000000e-01
6.480000000000000000e+02,3.094317729412333073e-01,2.162881629304290176e-01,8.750000000000000000e-01
6.490000000000000000e+02,3.094317057157586759e-01,2.162879158080882047e-01,8.750000000000000000e-01
6.500000000000000000e+02,3.094316386439916466e-01,2.162876711706243904e-01,8.750000000000000000e-01
6.510000000000000000e+02,3.094315717252398290e-01,2.162874289929271332e-01,8.750000000000000000e-01
6.520000000000000000e+02,3.094315049588194921e-01,2.162871892501423976e-01,8.750000000000000000e-01
6.530000000000000000e+02,3.094314383440557870e-01,2.162869519176693345e-01,8.750000000000000000e-01
6.540000000000000000e+02,3.094313718802830238e-01,2.162867169711584769e-01,8.750000000000000000e-01
6.550000000000000000e+02,3.094313055668437840e-01,2.162864843865083542e-01,8.750000000000000000e-01
6.560000000000000000e+02,3.094312394030889757e-01,2.162862541398633542e-01,8.750000000000000000e-01
6.570000000000000000e+02,3.094311733883780002e-01,2.162860262076111151e-01,8.750000000000000000e-01
6.580000000000000000e+02,3.094311075220780860e-01,2.162858005663798600e-01,8.750000000000000000e-01
6.590000000000000000e+02,3.094310418035647325e-01,2.162855771930359550e-01,8.750000000000000000e-01
6.600000000000000000e+02,3.094309762322210999e-01,2.162853560646816609e-01,8.750000000000000000e-01
6.610000000000000000e+02,3.094309108074377312e-01,2.162851371586523574e-01,8.750000000000000000e-01
6.620000000000000000e+02,3.094308455286131077e-01,2.162849204525141844e-01,8.750000000000000000e-01
6.630000000000000000e+02,3.094307803951527602e-01,2.162847059240618763e-01,8.750000000000000000e-01
6.640000000000000000e+02,3.094307154064696030e-01,2.162844935513162647e-01,8.750000000000000000e-01
6.650000000000000000e+02,3.094306505619834335e-01,2.162842833125218633e-01,8.750000000000000000e-01
6.660000000000000000e+02,3.094305858611214877e-01,2.162840751861445088e-01,8.750000000000000000e-01
6.670000000000000000e+02,3.094305213033172741e-01,2.162838691508694455e-01,8.750000000000000000e-01
6.680000000000000000e+02,3.094304568880112960e-01,2.162836651855985504e-01,8.750000000000000000e-01
6.690000000000000000e+02,3.094303926146506067e-01,2.162834632694484449e-01,8.750000000000000000e-01
6.700000000000000000e+02,3.094303284826886435e-01,2.162832633817481087e-01,8.750000000000000000e-01
6.710000000000000000e+02,3.094302644915852274e-01,2.162830655020368253e-01,8.750000000000000000e-01
6.720000000000000000e+02,3.094302006408064520e-01,2.162828696100617398e-01,8.750000000000000000e-01
6.730000000000000000e+02,3.094301369298244619e-01,2.162826756857760269e-01,8.750000000000000000e-01
6.740000000000000000e+02,3.094300733581172302e-01,2.162824837093367536e-01,8.750000000000000000e-01
6.750000000000000000e+02,3.094300099251689473e-01,2.162822936611023539e-01,8.750000000000000000e-01
6.760000000000000000e+02,3.094299466304692992e-01,2.162821055216311572e-01,8.750000000000000000e-01
6.770000000000000000e+02,3.094298834735136894e-01,2.162819192716787242e-01,8.750000000000000000e-01
6.780000000000000000e+02,3.094298204538032393e-01,2.162817348921963201e-01,8.750000000000000000e-01
6.790000000000000000e+02,3.094297575708443437e-01,2.162815523643286664e-01,8.750000000000000000e-01
6.800000000000000000e+02,3.094296948241487821e-01,2.162813716694118593e-01,8.750000000000000000e-01
6.810000000000000000e+02,3.094296322132337740e-01,2.162811927889716213e-01,8.750000000000000000e-01
6.820000000000000000e+02,3.094295697376214238e-01,2.162810157047211079e-01,8.750000000000000000e-01
6.830000000000000000e+02,3.094295073968392207e-01,2.162808403985591599e-01,8.750000000000000000e-01
6.840000000000000000e+02,3.094294451904191501e-01,2.162806668525685261e-01,8.750000000000000000e-01
6.850000000000000000e+02,3.094293831178988041e-01,2.162804950490133660e-01,8.750000000000000000e-01
6.860000000000000000e+02,3.094293211788199383e-01,2.162803249703381669e-01,8.750000000000000000e-01
6.870000000000000000e+02,3.094292593727292484e-01,2.162801565991653019e-01,8.750000000000000000e-01
6.880000000000000000e+02,3.094291976991780935e-01,2.162799899182935859e-01,8.750000000000000000e-01
6.890000000000000000e+02,3.094291361577223287e-01,2.162798249106961390e-01,8.750000000000000000e-01
6.900000000000000000e+02,3.094290747479222503e-01,2.162796615595188321e-01,8.750000000000000000e-01
6.910000000000000000e+02,3.094290134693427063e-01,2.162794998480783715e-01,8.750000000000000000e-01
6.920000000000000000e+02,3.094289523215525972e-01,2.162793397598607170e-01,8.750000000000000000e-01
6.930000000000000000e+02,3.094288913041250977e-01,2.162791812785190559e-01,8.750000000000000000e-01
6.940000000000000000e+02,3.094288304166378789e-01,2.162790243878724428e-01,8.750000000000000000e-01
6.950000000000000000e+02,3.094287696586719427e-01,2.162788690719038842e-01,8.750000000000000000e-01
6.960000000000000000e+02,3.094287090298132870e-01,2.162787153147584518e-01,8.750000000000000000e-01
6.970000000000000000e+02,3.094286485296509071e-01,2.162785631007421439e-01,8.750000000000000000e-01
6.980000000000000000e+02,3.094285881577782948e-01,2.162784124143198317e-01,8.750000000000000000e-01
6.990000000000000000e+02,3.094285279137923284e-01,2.162782632401137328e-01,8.750000000000000000e-01
7.000000000000000000e+02,3.094284677972939934e-01,2.162781155629018015e-01,8.750000000000000000e-01
7.010000000000000000e+02,3.094284078078876621e-01,2.162779693676161741e-01,8.750000000000000000e-01
7.020000000000000000e+02,3.094283479451812591e-01,2.162778246393415316e-01,8.750000000000000000e-01
7.030000000000000000e+02,3.094282882087865394e-01,2.162776813633136008e-01,8.750000000000000000e-01
7.040000000000000000e+02,3.094282285983184222e-01,2.162775395249176003e-01,8.750000000000000000e-01
7.050000000000000000e+02,3.094281691133953238e-01,2.162773991096864079e-01,8.750000000000000000e-01
7.060000000000000000e+02,3.094281097536392133e-01,2.162772601032997011e-01,8.750000000000000000e-01
7.070000000000000000e+02,3.094280505186751129e-01,2.162771224915818746e-01,8.750000000000000000e-01
7.080000000000000000e+02,3.094279914081313199e-01,2.162769862605007365e-01,8.750000000000000000e-01
7.090000000000000000e+02,3.094279324216394067e-01,2.162768513961660921e-01,8.750000000000000000e-01
7.100000000000000000e+02,3.094278735588339435e-01,2.162767178848283289e-01,8.750000000000000000e-01
7.110000000000000000e+02,3.094278148193527755e-01,2.162765857128768343e-01,8.750000000000000000e-01
7.120000000000000000e+02,3.094277562028365236e-01,2.162764548668386078e-01,8.750000000000000000e-01
7.130000000000000000e+02,3.094276977089289726e-01,2.162763253333770397e-01,8.750000000000000000e-01
7.140000000000000000e+02,3.094276393372765166e-01,2.162761970992902738e-01,8.750000000000000000e-01
7.150000000000000000e+02,3.094275810875289356e-01,2.162760701515099027e-01,8.750000000000000000e-01
7.160000000000000000e+02,3.094275229593382859e-01,2.162759444770997741e-01,8.750000000000000000e-01
7.170000000000000000e+02,3.094274649523597875e-01,2.162758200632543537e-01,8.750000000000000000e-01
7.180000000000000000e+02,3.094274070662511034e-01,2.162756968972976979e-01,8.750000000000000000e-01
7.190000000000000000e+02,3.094273493006728382e-01,2.162755749666817329e-01,8.750000000000000000e-01
7.200000000000000000e+02,3.094272916552879837e-01,2.162754542589853946e-01,8.750000000000000000e-01
7.210000000000000000e+02,3.094272341297621964e-01,2.162753347619131294e-01,8.750000000000000000e-01
7.220000000000000000e+02,3.094271767237636861e-01,2.162752164632934238e-01,8.750000000000000000e-01
7.230000000000000000e+02,3.094271194369632161e-01,2.162750993510778597e-01,8.750000000000000000e-01
7.240000000000000000e+02,3.094270622690339922e-01,2.162749834133398108e-01,8.750000000000000000e-01
7.250000000000000000e+02,3.094270052196516074e-01,2.162748686382728880e-01,8.750000000000000000e-01
7.260000000000000000e+02,3.094269482884940414e-01,2.162747550141901343e-01,8.750000000000000000e-01
7.270000000000000000e+02,3.094268914752416055e-01,2.162746425295226094e-01,8.750000000000000000e-01
7.280000000000000000e+02,3.094268347795768315e-01,2.162745311728179465e-01,8.750000000000000000e-01
7.290000000000000000e+02,3.094267782011846935e-01,2.162744209327397138e-01,8.750000000000000000e-01
7.300000000000000000e+02,3.094267217397522751e-01,2.162743117980658880e-01,8.750000000000000000e-01
7.310000000000000000e+02,3.094266653949688806e-01,2.162742037576874665e-01,8.750000000000000000e-01
7.320000000000000000e+02,3.094266091665259788e-01,2.162740968006079123e-01,8.750000000000000000e-01
7.330000000000000000e+02,3.094265530541170928e-01,2.162739909159414053e-01,8.750000000000000000e-01
7.340000000000000000e+02,3.094264970574379658e-01,2.162738860929121765e-01,8.750000000000000000e-01
7.350000000000000000e+02,3.094264411761861733e-01,2.162737823208531474e-01,8.750000000000000000e-01
7.360000000000000000e+02,3.094263854100614553e-01,2.162736795892048480e-01,8.750000000000000000e-01
7.370000000000000000e+02,3.094263297587656059e-01,2.162735778875143067e-01,8.750000000000000000e-01
7.380000000000000000e+02,3.094262742220023066e-01,2.162734772054340782e-01,8.750000000000000000e-01
7.390000000000000000e+02,3.094262187994769597e-01,2.162733775327211616e-01,8.750000000000000000e-01
7.400000000000000000e+02,3.094261634908972436e-01,2.162732788592356958e-01,8.750000000000000000e-01
7.410000000000000000e+02,3.094261082959724463e-01,2.162731811749402655e-01,8.750000000000000000e-01
7.420000000000000000e+02,3.094260532144136877e-01,2.162730844698985688e-01,8.750000000000000000e-01
7.430000000000000000e+02,3.094259982459340863e-01,2.162729887342746127e-01,8.750000000000000000e-01
7.440000000000000000e+02,3.094259433902482592e-01,2.162728939583314636e-01,8.750000000000000000e-01
7.450000000000000000e+02,3.094258886470727665e-01,2.162728001324303873e-01,8.750000000000000000e-01
7.460000000000000000e+02,3.094258340161258891e-01,2.162727072470300160e-01,8.750000000000000000e-01
7.470000000000000000e+02,3.094257794971275732e-01,2.162726152926849055e-01,8.750000000000000000e-01
7.480000000000000000e+02,3.094257250897992639e-01,2.162725242600450903e-01,8.750000000000000000e-01
7.490000000000000000e+02,3.094256707938644047e-01,2.162724341398545302e-01,8.750000000000000000e-01
7.500000000000000000e+02,3.094256166090477156e-01,2.162723449229507489e-01,8.750000000000000000e-01
7.510000000000000000e+02,3.094255625350756933e-01,2.162722566002636404e-01,8.750000000000000000e-01
7.520000000000000000e+02,3.094255085716763887e-01,2.162721691628141651e-01,8.750000000000000000e-01
7.530000000000000000e+02,3.094254547185794069e-01,2.162720826017141551e-01,8.750000000000000000e-01
7.540000000000000000e+02,3.094254009755158519e-01,2.162719969081647875e-01,8.750000000000000000e-01
7.550000000000000000e+02,3.094253473422183265e-01,2.162719120734558353e-01,8.750000000000000000e-01
7.560000000000000000e+02,3.094252938184208213e-01,2.162718280889650568e-01,8.750000000000000000e-01
7.570000000000000000e+02,3.094252404038591031e-01,2.162717449461568631e-01,8.750000000000000000e-01
7.580000000000000000e+02,3.094251870982698827e-01,2.162716626365818462e-01,8.750000000000000000e-01
7.590000000000000000e+02,3.094251339013917024e-01,2.162715811518753917e-01,8.750000000000000000e-01
7.600000000000000000e+02,3.094250808129644925e-01,2.162715004837575117e-01,8.750000000000000000e-01
7.610000000000000000e+02,3.094250278327290715e-01,2.162714206240313186e-01,8.750000000000000000e-01
7.620000000000000000e+02,3.094249749604283117e-01,2.162713415645826365e-01,8.750000000000000000e-01
7.630000000000000000e+02,3.094249221958058627e-01,2.162712632973788907e-01,8.750000000000000000e-01
7.640000000000000000e+02,3.094248695386069281e-01,2.162711858144684141e-01,8.750000000000000000e-01
7.650000000000000000e+02,3.094248169885780442e-01,2.162711091079796977e-01,8.750000000000000000e-01
7.660000000000000000e+02,3.094247645454669682e-01,2.162710331701203914e-01,8.750000000000000000e-01
7.670000000000000000e+02,3.094247122090226232e-01,2.162709579931765824e-01,8.750000000000000000e-01
7.680000000000000000e+02,3.094246599789953756e-01,2.162708835695121290e-01,8.750000000000000000e-01
7.690000000000000000e+02,3.094246078551366463e-01,2.162708098915674948e-01,8.750000000000000000e-01
7.700000000000000000e+02,3.094245558371991889e-01,2.162707369518596379e-01,8.750000000000000000e-01
7.710000000000000000e+02,3.094245039249367557e-01,2.162706647429804008e-01,8.750000000000000000e-01
7.720000000000000000e+02,3.094244521181045426e-01,2.162705932575965662e-01,8.750000000000000000e-01
7.730000000000000000e+02,3.094244004164586892e-01,2.162705224884483857e-01,8.750000000000000000e-01
7.740000000000000000e+02,3.094243488197567227e-01,2.162704524283493579e-01,8.750000000000000000e-01
7.750000000000000000e+02,3.094242973277569475e-01,2.162703830701853680e-01,8.750000000000000000e-01
7.760000000000000000e+02,3.094242459402191114e-01,2.162703144069136330e-01,8.750000000000000000e-01
7.770000000000000000e+02,3.094241946569039059e-01,2.162702464315623962e-01,8.750000000000000000e-01
7.780000000000000000e+02,3.094241434775730770e-01,2.162701791372300675e-01,8.750000000000000000e-01
7.790000000000000000e+02,3.094240924019895367e-01,2.162701125170844452e-01,8.750000000000000000e-01
7.800000000000000000e+02,3.094240414299173070e-01,2.162700465643619674e-01,8.750000000000000000e-01
7.810000000000000000e+02,3.094239905611211872e-01,2.162699812723672399e-01,8.750000000000000000e-01
7.820000000000000000e+02,3.094239397953672532e-01,2.162699166344722035e-01,8.750000000000000000e-01
7.830000000000000000e+02,3.094238891324225804e-01,2.162698526441153568e-01,8.750000000000000000e-01
7.840000000000000000e+02,3.094238385720550211e-01,2.162697892948012568e-01,8.750000000000000000e-01
7.850000000000000000e+02,3.094237881140338708e-01,2.162697265800997692e-01,8.750000000000000000e-01
7.860000000000000000e+02,3.094237377581288140e-01,2.162696644936455692e-01,8.750000000000000000e-01
7.870000000000000000e+02,3.094236875041110890e-01,2.162696030291370586e-01,8.750000000000000000e-01
7.880000000000000000e+02,3.094236373517523786e-01,2.162695421803362827e-01,8.750000000000000000e-01
7.890000000000000000e+02,3.094235873008256976e-01,2.162694819410678204e-01,8.750000000000000000e-01
7.900000000000000000e+02,3.094235373511047826e-01,2.162694223052183951e-01,8.750000000000000000e-01
7.910000000000000000e+02,3.094234875023642584e-01,2.162693632667362087e-01,8.750000000000000000e-01
7.920000000000000000e+02,3.094234377543798598e-01,2.162693048196303869e-01,8.750000000000000000e-01
7.930000000000000000e+02,3.094233881069279879e-01,2.162692469579700350e-01,8.750000000000000000e-01
7.940000000000000000e+02,3.094233385597860986e-01,2.162691896758841548e-01,8.750000000000000000e-01
7.950000000000000000e+02,3.094232891127325358e-01,2.162691329675606178e-01,8.750000000000000000e-01
7.960000000000000000e+02,3.094232397655462541e-01,2.162690768272457764e-01,8.750000000000000000e-01
7.970000000000000000e+02,3.094231905180073738e-01,2.162690212492436037e-01,8.750000000000000000e-01
7.980000000000000000e+02,3.094231413698967925e-01,2.162689662279158043e-01,8.750000000000000000e-01
7.990000000000000000e+02,3.094230923209961848e-01,2.162689117576801490e-01,8.750000000000000000e-01
8.000000000000000000e+02,3.094230433710878914e-01,2.162688578330109745e-01,8.750000000000000000e-01
8.010000000000000000e+02,3.094229945199552523e-01,2.162688044484379346e-01,8.750000000000000000e-01
8.020000000000000000e+02,3.094229457673826067e-01,2.162687515985456665e-01,8.750000000000000000e-01
8.030000000000000000e+02,3.094228971131545713e-01,2.162686992779732087e-01,8.750000000000000000e-01
8.040000000000000000e+02,3.094228485570571507e-01,2.162686474814135840e-01,8.750000000000000000e-01
8.050000000000000000e+02,3.094228000988766825e-01,2.162685962036130505e-01,8.750000000000000000e-01
8.060000000000000000e+02,3.094227517384003923e-01,2.162685454393705464e-01,8.750000000000000000e-01
8.070000000000000000e+02,3.094227034754165606e-01,2.162684951835375513e-01,8.750000000000000000e-01
8.080000000000000000e+02,3.094226553097136900e-01,2.162684454310169202e-01,8.750000000000000000e-01
8.090000000000000000e+02,3.094226072410814488e-01,2.162683961767629393e-01,8.750000000000000000e-01
8.100000000000000000e+02,3.094225592693100602e-01,2.162683474157805763e-01,8.750000000000000000e-01
8.110000000000000000e+02,3.094225113941906358e-01,2.162682991431248425e-01,8.750000000000000000e-01
8.120000000000000000e+02,3.094224636155146757e-01,2.162682513539006257e-01,8.750000000000000000e-01
8.130000000000000000e+02,3.094224159330749568e-01,2.162682040432616637e-01,8.750000000000000000e-01
8.140000000000000000e+02,3.094223683466643116e-01,2.162681572064107383e-01,8.750000000000000000e-01
8.150000000000000000e+02,3.094223208560769045e-01,2.162681108385984818e-01,8.750000000000000000e-01
8.160000000000000000e+02,3.094222734611069558e-01,2.162680649351234052e-01,8.750000000000000000e-01
8.170000000000000000e+02,3.094222261615500180e-01,2.162680194913312870e-01,8.750000000000000000e-01
8.180000000000000000e+02,3.094221789572017545e-01,2.162679745026144518e-01,8.750000000000000000e-01
8.190000000000000000e+02,3.094221318478588834e-01,2.162679299644117425e-01,8.750000000000000000e-01
8.200000000000000000e+02,3.094220848333187335e-01,2.162678858722074937e-01,8.750000000000000000e-01
8.210000000000000000e+02,3.094220379133789667e-01,2.162678422215316143e-01,8.750000000000000000e-01
8.220000000000000000e+02,3.094219910878385216e-01,2.162677990079588386e-01,8.750000000000000000e-01
8.230000000000000000e+02,3.094219443564963368e-01,2.162677562271083931e-01,8.750000000000000000e-01
8.240000000000000000e+02,3.094218977191524056e-01,2.162677138746433303e-01,8.750000000000000000e-01
8.250000000000000000e+02,3.094218511756071655e-01,2.162676719462703345e-01,8.750000000000000000e-01
8.260000000000000000e+02,3.094218047256618864e-01,2.162676304377391945e-01,8.750000000000000000e-01
8.270000000000000000e+02,3.094217583691181161e-01,2.162675893448423869e-01,8.750000000000000000e-01
8.280000000000000000e+02,3.094217121057783459e-01,2.162675486634146327e-01,8.750000000000000000e-01
8.290000000000000000e+02,3.094216659354456223e-01,2.162675083893323136e-01,8.750000000000000000e-01
8.300000000000000000e+02,3.094216198579233246e-01,2.162674685185134449e-01,8.750000000000000000e-01
8.310000000000000000e+02,3.094215738730158871e-01,2.162674290469168148e-01,8.750000000000000000e-01
8.320000000000000000e+02,3.094215279805280217e-01,2.162673899705419012e-01,8.750000000000000000e-01
8.330000000000000000e+02,3.094214821802649396e-01,2.162673512854282332e-01,8.750000000000000000e-01
8.340000000000000000e+02,3.094214364720329069e-01,2.162673129876551970e-01,8.750000000000000000e-01
8.350000000000000000e+02,3.094213908556383008e-01,2.162672750733414806e-01,8.750000000000000000e-01
8.360000000000000000e+02,3.094213453308881645e-01,2.162672375386446577e-01,8.750000000000000000e-01
8.370000000000000000e+02,3.094212998975903184e-01,2.162672003797609932e-01,8.750000000000000000e-01
8.380000000000000000e+02,3.094212545555530269e-01,2.162671635929247493e-01,8.750000000000000000e-01
8.390000000000000000e+02,3.094212093045850542e-01,2.162671271744081580e-01,8.750000000000000000e-01
8.400000000000000000e+02,3.094211641444958305e-01,2.162670911205207547e-01,8.750000000000000000e-01
8.410000000000000000e+02,3.094211190750952301e-01,2.162670554276092116e-01,8.750000000000000000e-01
8.420000000000000000e+02,3.094210740961937378e-01,2.162670200920566721e-01,8.750000000000000000e-01
8.430000000000000000e+02,3.094210292076023383e-01,2.162669851102826668e-01,8.750000000000000000e-01
8.440000000000000000e+02,3.094209844091327377e-01,2.162669504787428087e-01,8.750000000000000000e-01
8.450000000000000000e+02,3.094209397005968643e-01,2.162669161939279605e-01,8.750000000000000000e-01
8.460000000000000000e+02,3.094208950818074233e-01,2.162668822523644285e-01,8.750000000000000000e-01
8.470000000000000000e+02,3.094208505525775088e-01,2.162668486506133247e-01,8.750000000000000000e-01
8.480000000000000000e+02,3.094208061127208809e-01,2.162668153852702058e-01,8.750000000000000000e-01
8.490000000000000000e+02,3.094207617620515771e-01,2.162667824529648508e-01,8.750000000000000000e-01
8.500000000000000000e+02,3.094207175003844679e-01,2.162667498503607066e-01,8.750000000000000000e-01
8.510000000000000000e+02,3.094206733275346455e-01,2.162667175741549708e-01,8.750000000000000000e-01
8.520000000000000000e+02,3.094206292433179795e-01,2.162666856210776201e-01,8.750000000000000000e-01
8.530000000000000000e+02,3.094205852475503948e-01,2.162666539878916883e-01,8.750000000000000000e-01
8.540000000000000000e+02,3.094205413400489268e-01,2.162666226713925721e-01,8.750000000000000000e-01
8.550000000000000000e+02,3.094204975206306663e-01,2.162665916684078926e-01,8.750000000000000000e-01
8.560000000000000000e+02,3.094204537891132589e-01,2.162665609757969398e-01,8.750000000000000000e-01
8.570000000000000000e+02,3.094204101453149613e-01,2.162665305904507562e-01,8.750000000000000000e-01
8.580000000000000000e+02,3.094203665890544741e-01,2.162665005092911930e-01,8.750000000000000000e-01
8.590000000000000000e+02,3.094203231201509419e-01,2.162664707292714095e-01,8.750000000000000000e-01
8.600000000000000000e+02,3.094202797384238979e-01,2.162664412473747910e-01,8.750000000000000000e-01
8.610000000000000000e+02,3.094202364436936525e-01,2.162664120606150875e-01,8.750000000000000000e-01
8.620000000000000000e+02,3.094201932357806828e-01,2.162663831660360247e-01,8.750000000000000000e-01
8.630000000000000000e+02,3.094201501145059652e-01,2.162663545607109994e-01,8.750000000000000000e-01
8.640000000000000000e+02,3.094201070796911424e-01,2.162663262417426346e-01,8.750000000000000000e-01
8.650000000000000000e+02,3.094200641311581901e-01,2.162662982062626971e-01,8.750000000000000000e-01
8.660000000000000000e+02,3.094200212687294727e-01,2.162662704514316803e-01,8.750000000000000000e-01
8.670000000000000000e+02,3.094199784922280205e-01,2.162662429744386383e-01,8.750000000000000000e-01
8.680000000000000000e+02,3.094199358014769752e-01,2.162662157725007417e-01,8.750000000000000000e-01
8.690000000000000000e+02,3.094198931963001997e-01,2.162661888428630552e-01,8.750000000000000000e-01
8.700000000000000000e+02,3.094198506765221124e-01,2.162661621827982050e-01,8.750000000000000000e-01
8.710000000000000000e+02,3.094198082419672424e-01,2.162661357896062952e-01,8.750000000000000000e-01
8.720000000000000000e+02,3.094197658924607297e-01,2.162661096606145195e-01,8.750000000000000000e-01
8.730000000000000000e+02,3.094197236278282692e-01,2.162660837931766888e-01,8.750000000000000000e-01
8.740000000000000000e+02,3.094196814478957225e-01,2.162660581846733154e-01,8.750000000000000000e-01
8.750000000000000000e+02,3.094196393524895616e-01,2.162660328325110570e-01,8.750000000000000000e-01
8.760000000000000000e+02,3.094195973414367029e-01,2.162660077341226617e-01,8.750000000000000000e-01
8.770000000000000000e+02,3.094195554145644511e-01,2.162659828869664957e-01,8.750000000000000000e-01
8.780000000000000000e+02,3.094195135717005551e-01,2.162659582885265996e-01,8.750000000000000000e-01
8.790000000000000000e+02,3.094194718126730970e-01,2.162659339363120770e-01,8.750000000000000000e-01
8.800000000000000000e+02,3.094194301373107692e-01,2.162659098278570391e-01,8.750000000000000000e-01
8.810000000000000000e+02,3.094193885454424309e-01,2.162658859607203554e-01,8.750000000000000000e-01
8.820000000000000000e+02,3.094193470368975518e-01,2.162658623324852925e-01,8.750000000000000000e-01
8.830000000000000000e+02,3.094193056115060458e-01,2.162658389407594584e-01,8.750000000000000000e-01
8.840000000000000000e+02,3.094192642690979378e-01,2.162658157831742756e-01,8.750000000000000000e-01
8.850000000000000000e+02,3.094192230095040852e-01,2.162657928573850918e-01,8.750000000000000000e-01
8.860000000000000000e+02,3.094191818325554566e-01,2.162657701610705696e-01,8.750000000000000000e-01
8.870000000000000000e+02,3.094191407380835201e-01,2.162657476919328248e-01,8.750000000000000000e-01
8.880000000000000000e+02,3.094190997259200770e-01,2.162657254476968993e-01,8.750000000000000000e-01
8.890000000000000000e+02,3.094190587958975391e-01,2.162657034261106781e-01,8.750000000000000000e-01
8.900000000000000000e+02,3.094190179478484848e-01,2.162656816249445557e-01,8.750000000000000000e-01
8.910000000000000000e+02,3.094189771816059364e-01,2.162656600419912978e-01,8.750000000000000000e-01
8.920000000000000000e+02,3.094189364970033052e-01,2.162656386750658188e-01,8.750000000000000000e-01
8.930000000000000000e+02,3.094188958938746126e-01,2.162656175220050159e-01,8.750000000000000000e-01
8.940000000000000000e+02,3.094188553720541579e-01,2.162655965806673242e-01,8.750000000000000000e-01
8.950000000000000000e+02,3.094188149313761849e-01,2.162655758489326341e-01,8.750000000000000000e-01
8.960000000000000000e+02,3.094187745716760474e-01,2.162655553247021523e-01,8.750000000000000000e-01
8.970000000000000000e+02,3.094187342927889883e-01,2.162655350058981241e-01,8.750000000000000000e-01
8.980000000000000000e+02,3.094186940945509723e-01,2.162655148904636115e-01,8.750000000000000000e-01
8.990000000000000000e+02,3.094186539767979083e-01,2.162654949763622714e-01,8.750000000000000000e-01
